.38 Special Bitter,3.8,0,beer
1000 Barley Wine,9.2,0,beer
1100 Wheat Wine,11.5,0,beer
120 Minute IPA,18,0,beer
13th Anniversary Ale,9.5,0,beer
1554 Enlightened Black Ale,5.5,0,beer
1784 Anniversary Beer,5.4,0,beer
186000 MPS Malt Liquor,10.5,0,beer
1888 Bock,5.2,0,beer
1916 Irish Stout,3.5,0,beer
2004 Symposium Ale,7.5,0,beer
2008 Culture Beer,5,0,beer
21A IPA,7.2,0,beer
2x4 India Pale Ale,7,0,beer
3 Monts,8.5,0,beer
3767 Belgian-style IPA with Brett,8,0,beer
3rd Anniversary Ale,10,0,beer
4 Seasons IPA,8,0,beer
420 Extra Pale Ale,5.4,0,beer
422 Pale Wheat Ale,5,0,beer
47 Bryg,7,0,beer
471 Double IPA,9.2,0,beer
471 Extra ESB,7.8,0,beer
471 IPA,9.2,0,beer
5 Barrel Pale Ale,5.3,0,beer
5 C's IPA,6.5,0,beer
555 IPA,6.25,0,beer
563 Stout,5,0,beer
60 Minute IPA,6,0,beer
60 Shilling Scotch Ale,5,0,beer
75 Minute IPA,7.5,0,beer
77 Lager,4.9,0,beer
7th Anniversary IPA,7.7,0,beer
8th Street Ale,4.5,0,beer
90 Minute IPA,9,0,beer
90 Shilling,5.3,0,beer
9th Anniversary IPA,7.5,0,beer
A. LeCoq Imperial Extra Double Stout 1999,9,0,beer
A. LeCoq Imperial Extra Double Stout 2000,9,0,beer
Abbaye de Floreffe Double,6.3,0,beer
Abbaye de Saint-Martin Blonde,7,0,beer
Abbaye de Saint-Martin Brune,8,0,beer
Abbaye de Saint-Martin Triple,9,0,beer
Abbaye de St Amand,7,0,beer
Abbey 8,8,0,beer
Abbey Belgian Style Ale,7,0,beer
Abbey Dubbel,8.5,0,beer
Abbey Extra,4.5,0,beer
Abbey IPA,7,0,beer
Abbey Roade Belgian Ale,6.4,0,beer
Abbey Triple,9,0,beer
Abbot Pennings Grand Cru,10,0,beer
Abijah Rowe IPA,6.8,0,beer
Abita Jockamo IPA,6.5,0,beer
Abita Purple Haze,4.75,0,beer
Absinth,65,1.5,shot
Absolut 100,50,1.5,shot
Absolut Vodka,40,1.5,shot
Abt 12,10,0,beer
Abtskelder Tripel,8.4,0,beer
Achel Trappist Extra,9.5,0,beer
Acme California Brown Ale,5.6,0,beer
Acme California Pale Ale,5,0,beer
Adam,10,0,beer
Adnam's Suffolk Special Bitter,4.5,0,beer
Adnams Explorer,5.5,0,beer
Adnams Fisherman,4.5,0,beer
Adnams Tally Ho,7.5,0,beer
Adriaan,5,0,beer
Advocaat,17,0,mixedDrink
Aecht Schlenkerla Rauchbier Urbock,6,0,beer
Affligem Dubbel,6.8,0,beer
After Shock,40,1.5,shot
Afterburner IPA,6,0,beer
Aftershock,30,0,mixedDrink
Aftershock Cinnamon Schnapps,40,0,mixedDrink
Aftershock Cool Citrus Mint Schnapps,40,0,mixedDrink
Aguardiente,30,0,mixedDrink
Alaskan Amber,5.3,0,beer
Alaskan Barley Wine Ale,10.4,0,beer
Alaskan ESB,5,0,beer
Alaskan IPA,6.2,0,beer
Alaskan Pale,5.2,0,beer
Alaskan Smoked Porter,6.5,0,beer
Alaskan Stout,5.7,0,beer
Alaskan Summer Ale,5.3,0,beer
Alaskan White Ale,5.3,0,beer
Alba Scots Pine Ale,7.5,0,beer
Albion Amber Ale,4.9,0,beer
Ale,4.4,0,beer
Ale Mary,6,0,beer
Ale To The Chief,8.75,0,beer
Alembic Pale,5.5,0,beer
Alena,6.5,0,beer
Alize,16,1.5,shot
Allagash Fluxus 09,8.3,0,beer
Allagash White,5,0,beer
Alpha,6.2,0,beer
Alpha King Pale Ale,6.6,0,beer
Alpha Klaus Xmas Porter,7.5,0,beer
Alt,4.5,0,beer
Alt,4.8,0,beer
Alt,4.6,0,beer
Alt,4.9,0,beer
Alt,4.9,0,beer
Alt,5.7,0,beer
Alt Ball and Chain,5.2,0,beer
Alt-Er-Ego Amber,5,0,beer
Altbairisch Dunkel,5.5,0,beer
Altbier,5.1,0,beer
Amadeus,5,0,mixedDrink
Amaretto,28,0,mixedDrink
Amaretto Di Saronno,28,0,mixedDrink
Amaretto Sour,22,1.5,shot
Amaro,17,0,mixedDrink
Amarula,17,0,mixedDrink
Amber,5,0,beer
Amber,8,0,beer
Amber Ale,5.1,0,beer
Amber Ale,5.8,0,beer
Amber Waves,5.3,0,beer
Amber Waves,4.85,0,beer
Amber Weizen,5.5,0,beer
Ambree,9,0,beer
Ambrosia Maibock,5.3,0,beer
Amendment Pale Ale,5.2,0,beer
American Amber Ale,5.6,0,beer
American Brown Ale,6.5,0,beer
American Pale Ale,5.2,0,beer
American Pale Ale,5.2,0,beer
American Schnapps,40,0,mixedDrink
American Wheat,4.7,0,beer
American-Style Brown Ale,5,0,beer
Amherst ESB,5.35,0,beer
Amigo Lager,5,0,beer
Amish Four Grain,5.6,0,beer
Amstel,5,1.5,shot
Amstel Light,3.5,0,beer
Anchor Summer Beer,4.6,0,beer
Anchor Witbier with Brettanomyces,6.25,0,beer
Ancient Age Bourbon,40,0,mixedDrink
Andelot Angelique,7,0,beer
Andelot Cuvee Diabolique,8.5,0,beer
Andelot Euphorique,6.5,0,beer
Andelot Mystique,8.5,0,beer
Andygator,8,0,beer
Angry Angel,4.5,0,beer
Angry Planet Pale Ale,6.1,0,beer
Anis del Toro,30,0,mixedDrink
Anisette,30,0,mixedDrink
Anne Bonny Irish Stout,3.9,0,beer
Anniversary Ale,9,0,beer
Anniversary Ale 2007,5.9,0,beer
Anniversary IPA Ahtanum,7.2,0,beer
Anniversary IPA Glacier,7.2,0,beer
Anniversary Maibock,7.2,0,beer
Antler Brown Ale,4.8,0,beer
Anvil Ale,4.8,0,beer
Anvil Ale,5.5,0,beer
Apache Trout Stout,5,0,beer
Apex,7.5,0,beer
Apocalypse Cow,10,0,beer
Apple Pucker,30,1.5,shot
Apricot Ale,5.4,0,beer
Apricot Weizen Ale,5.1,0,beer
Apricot Wheat,5.1,0,beer
Apricot Wheat,4.7,0,beer
Apricot Wheat,4.9,0,beer
Aprihop,7,0,beer
Arabier,9,0,beer
Arak,50,0,mixedDrink
Arc Weld Alt,5.3,0,beer
Arctic Devil Barley Wine,13.2,0,beer
Arctic Panzer Wolf,9,0,beer
Arctic Rhino Coffee Porter,5,0,beer
Arizona Peach,4,0,beer
Armageddon Grand Cru,11.6,0,beer
Armagnac,40,1.5,shot
Arrogant Bastard Ale,7.2,0,beer
Arrogant Brit,5.3,0,beer
Arrow Creme de Cocoa,20,1.5,shot
Arrow Creme de Menthe,21,1.5,shot
Arrow Curacao,27,1.5,shot
Arthur's English Old Ale,7.2,0,beer
Arthur's Mild Ale,3.2,0,beer
Arthur's Nugget Pale Ale,5.2,0,beer
Artist Colony Ale,5.5,0,beer
Asam-Bock,6.9,0,beer
Ashanti Gold,17,0,mixedDrink
Ashland Amber,5.5,0,beer
Athenian,5,0,beer
Atlas Lager,3.75,0,beer
Atomic Raygun Imperial Red,8.3,0,beer
Atta Boy IPA,7.3,0,beer
Auburn Ale,5,0,beer
Aud Blonde,4.5,0,beer
Augustijn Ale,8,0,beer
Augustiner,4.3,0,beer
Augustinian Ale,5.2,0,beer
Aurum,40,0,mixedDrink
Autumn Ale,6.7,0,beer
Autumn Maple,10,0,beer
AutumnFest,5.4,0,beer
Avalanche,40,1.5,shot
Avalanche Amber,5.4,0,beer
Avalanche IPA,6.9,0,beer
Avant Garde,7,0,beer
Avatar Jasmine IPA,6.2,0,beer
Avec Les Bons Voeux,9.5,0,beer
Aventinus Weizen-Eisbock,12,0,beer
Aventinus Weizenstarkbier / Doppel Weizen Bock,8.2,0,beer
Avenue Ale,4.1,0,beer
Aviator Red,5.25,0,beer
B.O.R.I.S. The Crusher Oatmeal-Imperial Stout,9.4,0,beer
B3K Schwarzbier,5.3,0,beer
B52 Kahlua Drink,5,0,mixedDrink
Bacardi 121,60,1.5,shot
Bacardi 151,75,1.5,shot
Bacardi Limon,35,1.5,shot
Bacardi Solero Dark Rum,38,0,mixedDrink
Bacardi White Rum,37,0,mixedDrink
Bachelor Bitter,5.4,0,beer
Bachelor ESB,5.3,0,beer
Back Burner Imperial Barley Wine Style Ale,10,0,beer
Back Road Ale,5,0,beer
Back Road American Pale Ale,5,0,beer
Backyard India Pale Ale,6.1,0,beer
Bad Billy Blond Bock,6.2,0,beer
Bad Frog,6,0,mixedDrink
Bad Moon Porter,5.1,0,beer
Bad Penny,5.5,0,beer
Bagpiper's Scottish Ale,9,0,beer
Bah Humbug,6,0,beer
Bahama Mama,15,0,mixedDrink
Bailey's Irish Cream,17,0,mixedDrink
Baileys Irish Cream,17,0,mixedDrink
Bajuvator Doppelbock,7.2,0,beer
Bak,7.3,0,beer
Balashi,5,0,beer
Baltas Alus,5.2,0,beer
Baltic Porter,7.5,0,beer
Baltic Thunder,8.5,0,beer
Baltika #5,5.3,0,beer
Baltika #8,5,0,beer
Baltika #9,8,0,beer
Baltika 6,7,0,beer
Baltika 6 Porter,7,0,beer
Bam Noire,4.3,0,beer
Bamberger Gold,5,0,beer
Bamberger Herren Pils,4.6,0,beer
Banana Liqueur,24,0,mixedDrink
Bankers Gold,4.6,0,beer
Bar Harbor Real Ale,5.2,0,beer
Barelegs Brew,4.5,0,beer
Barley Wine Ale,10,0,beer
Barleywine,10,0,beer
Barney Flats Oatmeal Stout,5.7,0,beer
Barnstormer Brown Ale,5,0,beer
Barnstormer Pale Ale,4.8,0,beer
Barock-Dunkel,4.7,0,beer
Baron Helles Bock,6.4,0,beer
Baron Pilsner,4.7,0,beer
Baron Schwarzbier,4.9,0,beer
Barrel Aged Synapse ESB,6,0,beer
Barrel-Aged B.O.R.I.S. Imperial Stout,9.4,0,beer
Barrel-Aged Blind Date Ale,7.5,0,beer
Barristers Bitter,4,0,beer
Bartles & Jaymes,5,12,beer
Bartles & Jaymes Light,2,12,beer
Bartles and Lager,4,0,beer
Base Camp Golden Ale,4.9,0,beer
Bass Pale Ale,5,0,beer
Batch 666,7.7,0,beer
Batch 7000,12,0,beer
Batch 8000,9,0,beer
Bathtub Gin Gruit Ale,8,0,beer
Bavarian Dark,4,0,beer
Bavarian Lager,5,0,beer
Bavarian-Weissbier Hefeweisse / Weisser Hirsch,5.2,0,beer
Bayrisch Hell,4.7,0,beer
Beach Bum Blonde Ale,5.4,0,beer
Bear Ale,5,0,beer
Bear Tooth Ale,6.2,0,beer
Beast Bitter,5.3,0,beer
Becherovka,38,0,mixedDrink
Becks Dark,4,12,beer
Becks Light,3,12,beer
Becks Octoberfest,5,12,beer
Bee Sting Honey Ale,5.9,0,beer
Bee Sting Honey Rye Ale,6.5,0,beer
Beefeater,47,1.5,shot
Beer (Domestic),4,12,beer
Beer (Imported Ales),6,12,beer
Beer (Imported Porters),6,12,beer
Beer (Imported Stouts),6,12,beer
Beer (Imported),6,12,beer
Beer (Lights),4,12,beer
Beer (Malt Liquor),6,12,beer
Beer Esteem,5.6,0,beer
Beer Geek Breakfast,7.5,0,beer
Beewolf Braggot,7,0,beer
Behemoth Barley Wine,10.5,0,beer
Beir o,22,0,mixedDrink
Belgian Abbey Dubbel,7,0,beer
Belgian Burgundy Ale,9,0,beer
Belgian Double,7,0,beer
Belgian Freeze Winter Ale,8,0,beer
Belgian White,4.1,0,beer
Belgian White,4.7,0,beer
Bell's Batch 9000,12.5,0,beer
Bell's Cherry Stout,7,0,beer
Belle Gunness Stout,5,0,beer
Bellegems Bruin,5.5,0,beer
Below Decks,10,0,beer
Belzebuth,13,0,beer
Benchmark Old Ale,9.9,0,beer
Benchwarmer Porter,6.4,0,beer
Bender Beer,5.1,0,beer
Benedictine,40,0,mixedDrink
Bengali Tiger,6.5,0,beer
Berghoff Oktoberfest Beer,5.2,0,beer
Berghoff Original Lager Beer,5.6,0,beer
Berserker Imperial Stout,12.7,0,beer
Best Bitter,5.5,0,beer
Best Bitter,3.4,0,beer
Best Brown Ale,5.8,0,beer
Best Bull,5.9,0,beer
Beyond The Gates Double IPA,7.5,0,beer
Bhagwan's Best IPA,5,0,beer
Biere de Mars,7,0,beer
Big A IPA,9.6,0,beer
Big Bear,7,12,beer
Big Bear Black Stout,8.1,0,beer
Big Black Voodoo Daddy,12,0,beer
Big Boat Oatmeal Stout,6.6,0,beer
Big Buck Beer,5.2,0,beer
Big Butt Doppelbock,5.8,0,beer
Big Daddy IPA,6.5,0,beer
Big Dick's Olde Ale,8.2,0,beer
Big Eye IPA,6,0,beer
Big Hop Harvest Ale,7.4,0,beer
Big Hop IPA,5.8,0,beer
Big Hoppy Monster,8.75,0,beer
Big Mac,5,0,beer
Big Nasty Porter,6.4,0,beer
Big Porch Ale,5.8,0,beer
Big Red Imperial Red Ale,9.5,0,beer
Big Slick American Barleywine Ale,11.9,0,beer
Big Sound Scotch Ale,8.5,0,beer
Big Swell IPA,6.2,0,beer
Bigfoot,9.6,0,beer
Bigfoot 1991,9.6,0,beer
Bigfoot 1994,9.6,0,beer
Bigfoot 1996,9.6,0,beer
Bigfoot 1997,9.6,0,beer
Bigfoot 1998,9.6,0,beer
Bigfoot 1999,9.6,0,beer
Bigfoot 2000,9.6,0,beer
Bigfoot 2001,9.6,0,beer
Bigfoot 2002,9.6,0,beer
Bigfoot 2003,9.6,0,beer
Bigfoot 2004,9.6,0,beer
Bigfoot 2005,9.6,0,beer
Bigfoot 2006,9.6,0,beer
Bikini Blonde Lager,3.8,0,beer
Billtown Blonde,6,0,beer
Bird of Prey IPA,8.26,0,beer
Birell,0.5,0,beer
Birra Moretti La Rossa,7.2,0,beer
Biscotti,7,0,beer
Bishops Finger Kentish Strong Ale,5.4,0,beer
Bison Brown,5,0,beer
Bistro Blonde,4.2,0,beer
Bitter,4,0,beer
Bitter American,3.6,0,beer
Bitter and Twisted,3.8,0,beer
Bitter Woman IPA,5.75,0,beer
Bittersweet Lenny R.I.P.A.,10,0,beer
BJ's Annual Grand Cru,10,0,beer
Black & Blue,10,0,beer
Black Abbot / Schwarzer Abt,3.9,0,beer
Black Albert,13,0,beer
Black and White,40,1.5,shot
Black Bavarian Lager,5.86,0,beer
Black Betty Schwartzbier,5,0,beer
Black Butte Porter,5.2,0,beer
Black Butte XXI,11,0,beer
Black Cat,3.4,0,beer
Black Cat Stout,6.15,0,beer
Black Cat Stout,6,0,beer
Black Chocolate Stout,10,0,beer
Black H2O Oatmeal Stout,6.2,0,beer
Black Hawk,45,1.5,shot
Black Heart Stout,6.6,0,beer
Black Hole,7,0,beer
Black Lab Stout,5.7,0,beer
Black Label LA,2,0,mixedDrink
Black Magick,15,0,beer
Black Marlin Porter,6,0,beer
Black Mo Stout,4.6,0,beer
Black Mocha Stout,5.3,0,beer
Black Ops,11,0,beer
Black Orchard,5.7,0,beer
Black Russian,10,5,mixedDrink
Black Rye Bock,6.2,0,beer
Black Stallion Oatmeal Stout,4.8,0,beer
Black Strap Stout,6,0,beer
Black Tulip,9,0,beer
Black Velvet,40,1.5,shot
Black Xantus,10,0,beer
Blackbeary Wheat,4,0,beer
Blackberry Ale,5.2,0,beer
Blackburn Doppelbock,7.9,0,beer
Blackened Voodoo,5,0,beer
Blackfriar,7,0,beer
Blackout,5,0,beer
Blackout Stout,9,0,beer
Blacksburger Pils,4.7,0,beer
Blackstone Stout,5.9,0,beer
Blackstone Stout,4.4,0,beer
Blanche,5,0,beer
Blanche de Bruges,5,0,beer
Blanche de Chambly,5,0,beer
Blanche de Namur,4.5,0,beer
Blanche des Honnelles,6,0,beer
Blanche des Moines,4.5,0,beer
Blanche Double,6,0,beer
Blasphemy,11.8,0,beer
Blast Furnace Oatmeal Stout,4.8,0,beer
Blind Date Ale,7,0,beer
Blind Pig Dunkelweizen,4.7,0,beer
Blind Pig IPA,6,0,beer
Blind Tiger Pale Ale,4.8,0,beer
Blithering Idiot,11.1,0,beer
Blitzen Christmas Ale,8.5,0,beer
Blizzard Bock,6.1,0,beer
Bloesem Bink,7.1,0,beer
Blond,4.8,0,beer
Blonde,7.5,0,beer
Blonde,7.5,0,beer
Blonde,6,0,beer
Blonde,3,0,beer
Blonde Bock,7,0,beer
Blonde Draft,4.8,0,beer
Blonde Lager,4.5,0,beer
Blonde Tradition,6.2,0,beer
Bloody Mary,12.4,8,mixedDrink
Blue,4.9,0,beer
Blue Bell Bitter,5.4,0,beer
Blue Carousel,27,1.5,shot
Blue Curacao,30,0,mixedDrink
Blue Dot Double India Pale Ale,7,0,beer
Blue Goat,7.5,0,beer
Blue Heron Pale Ale,4.9,0,beer
Blue Moon Belgian White,5.4,12,beer
Blue Paddle Pilsener,4.8,0,beer
Bluejackets Best,6.25,0,beer
Bob's '47 Oktoberfest,5.8,0,beer
Bock,5.5,0,beer
Bock,5,0,beer
Bock Beer,5.9,0,beer
Bockbier,7,0,beer
Bodacious Black and Tan,7.8,0,beer
Bohemian Blonde,4.7,0,beer
Bols Anisette,25,1.5,shot
Bols Triple Sec,21,1.5,shot
Boltwood Bock,5.7,0,beer
Bombardier Premium Ale,5.2,0,beer
Bombay Gin,43,0,mixedDrink
Bombshell Barleywine,9.8,0,beer
Bonaventure Pale Ale,5.5,0,beer
Bond Street 19th Anniversary,8.7,0,beer
Boont Amber Ale,5.8,0,beer
Border Gold Oranic Ale,6,0,beer
Bornem Double,8,0,beer
Bornem Triple,9,0,beer
Borsodi,5,0,beer
Bos Keun,8.9,0,beer
Boss Hog Double IPA,10.1,0,beer
Boston Anisette,21,1.5,shot
Boston Creme de Menthe,17,1.5,shot
Boston Triple Sec,17,1.5,shot
Bottle Conditioned Porter,5.5,0,beer
Bottle Rocket IPA,6.5,0,beer
Bottleworks IPA,8.5,0,beer
Boulevard Dry Stout,4.9,0,beer
Boulevard Irish Ale,5.8,0,beer
Boulevard Maibock,5.95,0,beer
Boulevard Pale Ale,5.4,0,beer
Boulevard Unfiltered Wheat,4.5,0,beer
Bourbon,40,0,mixedDrink
Bourbon Barrel Aged Winter Warmer,9.5,0,beer
Bourbon Barrel Porter,9.1,0,beer
Bourbon Barrel Scotch Ale,7.5,0,beer
Bourbon County Brand Coffee Stout,13,0,beer
Bourbon County Stout,13,0,beer
Bourbon County Stout 2007,13,0,beer
Boys of Summer Wheat,3.5,0,beer
Braggot,6,0,beer
Brandy,42,0,mixedDrink
Brandy (Fruit),43,0,mixedDrink
Braunbier,5.7,0,beer
Bravo,6.5,0,beer
Bravoure,7,0,beer
Breakup Bock,7,0,beer
Breath of the Dragon English Bitter,4.5,0,beer
Brewhouse Blonde,4.7,0,beer
Brewhouse Lager,4.5,0,beer
Brewtality Espresso Black Bier,9.7,0,beer
Bridgeport India Pale Ale,5.5,0,beer
Brigand,9,0,beer
Brigantine Smoked Porter,8.54,0,beer
Bright Spot Golden Ale,4.5,0,beer
Brilliant Barstool,5.1,0,beer
Brinkhoff's #1,7,12,beer
Broad Axe Stout,5,0,beer
Broad Street Barleywine,8.7,0,beer
Broadside Ale,6.3,0,beer
Brocken Top Bock,6,0,beer
Brockton Black Lager,6.5,0,beer
Broken Halo IPA,6,0,beer
Broken Keg Ice Bock,15,0,beer
Broken Paddle,6,0,beer
Broken Spoke,5,0,beer
Bronze Griffin,6.8,0,beer
Broodoo,5.5,0,beer
Brooklyn Lager,5.2,0,beer
Brother Thelonious,9,0,beer
Brown Ale,5.6,0,beer
Brown Ale,5.6,0,beer
Brown Bird Brown Ale,4.8,0,beer
Brown Shugga,9.9,0,beer
Brown's Point ESB,5.6,0,beer
Bruegel Amber Ale,5.2,0,beer
Brueghel Blonde,5.9,0,beer
Brugse Zot,6,0,beer
Brugse Zot Double,7,0,beer
Bruin Tradition / Brune Tradition,8.2,0,beer
Brune,9.5,0,beer
Brune (Brown),6.8,0,beer
Brune / Brown,8,0,beer
Brune / Bruin,7.5,0,beer
Brutal Bitter,6.5,0,beer
Buck Naked,3.2,0,beer
Bud Dry,5,12,beer
Bud Extra,6.6,12,beer
Bud Ice,5.5,12,beer
Bud Ice Light,4.1,12,beer
Bud Light,4.2,12,beer
Bud Light Lime,4.2,12,beer
Budweiser,5,12,beer
Budweiser American Ale,5.1,12,beer
Budweiser Budvar (Czechvar),5,12,beer
Budweiser Select,4.3,12,beer
Buffalo Belgian Stout,9,0,beer
Buffalo Butt,4.5,0,beer
Buffalo Gold,6.3,0,beer
Buffalo Lager,4.8,0,beer
Bugeater Brown Ale,4.4,0,beer
Bull Ice,8,12,beer
Bully! Porter,5.4,0,beer
Buried Hatchet Stout,8.25,0,beer
Burning Bird Pale Ale,4.8,0,beer
Burning River Pale Ale,6,0,beer
Burns Scottish Ale,5.3,0,beer
Burton Baton,10,0,beer
Busch,4.6,12,beer
Busch Light,4.2,12,beer
Bushmill's,40,1.5,shot
Butterscotch Schnapps,15,1.5,shot
Buttershots,15,1.5,shot
Butthead Doppelbock,8.2,0,beer
Butty Bach,4.5,0,beer
Buzzard Breath (discontinued),5,0,beer
Buzzsaw Brown,4.8,0,beer
Cafe Amsterdam's 10th Anniversary Gruit,12,0,beer
Caguama,3.9,0,beer
Caipirinha,30,4.5,mixedDrink
Calabaza Blanca,4.8,0,beer
Caldera IPA,6.1,0,beer
Calico Amber Ale,5,0,beer
Calico Jack Amber Ale,5.4,0,beer
California Dreaming,8,0,beer
California Gold,4.5,0,beer
Calisay,20,0,mixedDrink
Cambonator Doppelbock,7.2,0,beer
Cambridge Amber,4.3,0,beer
Camo,8,12,beer
Canadian Breakfast Stout,9.4,0,beer
Canadian Club,40,0,mixedDrink
Canadian Lager Beer,5,0,beer
Canadian Mist,40,0,mixedDrink
Canadian Whiskey,40,0,mixedDrink
Canaster Winter Scotch,8.7,0,beer
Canton,28,0,mixedDrink
Cape Codder,40,0,mixedDrink
Capitol Kolsch,4.8,0,beer
Capitol Premium Pale Ale,5,0,beer
Cappa Cappa Crusher,4.6,0,beer
Cappuccino Stout,8.3,0,beer
Captain Lawrence Xtra Gold,10,0,beer
Captain's Reserve Imperial IPA,9,0,beer
Captin Lawrence Liquid Gold,6,0,beer
Captin Lawrence Pale Ale,5.6,0,beer
Captin Lawrence Smoked Porter,6.4,0,beer
Carling,4.1,0,beer
Carlsburg Light,4,12,beer
Carlton Gold,4,12,beer
Carnegie Stark-Porter,5.5,0,beer
Cartwright Pale Ale,4.3,0,beer
Cascade Apricot Ale,9,0,beer
Cascade Golden Ale,4.5,0,beer
Cascade IPA,5.3,0,beer
Cascade Kreik Ale,6.6,0,beer
Cascade Razberry Wheat,4.5,0,beer
Cascade Sang Royal,8.87,0,beer
Cascazilla,7,0,beer
Casey Jones Imperial IPA,7.25,0,beer
Castaway Barley Wine Winter Ale,11,0,beer
Castelain Blond Biere de Garde,5.6,0,beer
Castelain St.Amand French Country Ale,5.9,0,beer
Castillo Rum,40,0,mixedDrink
Catalina Common Lager,4,0,beer
Catfish Cream Ale,5,0,beer
Cattail Peak,4.7,0,beer
Caulfield's Rye,4.9,0,beer
CD-Pils,4.9,0,beer
Celebration Ale,6.8,0,beer
Celebrator,6.7,0,beer
Celestial Gold,4.1,0,beer
Celis Grand Cru,7.6,0,beer
Celis Pale Bock,3.9,0,beer
Celis Raspberry,3.9,0,beer
Celis White,3.9,0,beer
Celtic Copper Ale,5.2,0,beer
Celtic Knot Irish Red,4.8,0,beer
Celtic Rose,5,0,beer
Censored (aka The Kronic),5.9,0,beer
Centennial IPA,7.2,0,beer
Cerise,6.5,0,beer
Certified Organic Amber Ale,4.8,0,beer
Certified Organic India Pale Ale,7,0,beer
Certified Organic Porter,5.5,0,beer
Cerveza Diablo,7.5,0,beer
Cerveza Negra,6.5,0,beer
Cerveza Roja,6,0,beer
Cerveza Sol,4.5,0,beer
CH-47 Pale Ale,5,0,beer
Chambly Noire,6.2,0,beer
Chambord,17,0,mixedDrink
Chamborg,16,0,mixedDrink
Chaotic Chemistry,10.8,0,beer
Charles River Porter,6,0,beer
Charlie 1981,8.5,0,beer
Chartreuse,55,0,mixedDrink
Chateau Jiahu,9.5,0,beer
Chautauqua Brew,4.9,0,beer
Chazz Cat Rye,4.5,0,beer
Checker Cab Blonde Ale,5.2,0,beer
Cherry Heering,22,0,mixedDrink
Chicken Killer Barley Wine,10,0,beer
Chico Estate Harvest Ale,6.7,0,beer
Chicory Stout,5.2,0,beer
Chief Blackhawk Porter,5.6,0,beer
Chimay Grand Reserve(Chimay Blue),9,0,beer
Chimay Triple (Chimay White),8,0,beer
Chivas Regal,43,0,mixedDrink
Chocolat,8,0,beer
Chocolate Stout,6,0,beer
Choklat,11,0,beer
Chouffe-Bok,6.6,0,beer
Christian Bros,40,1.5,shot
Christmas Ale,8.5,0,beer
Christmas Ale,8.1,0,beer
Christmas Ale,7.5,0,beer
Christmas Ale,5.5,0,beer
Christmas Bock,6,0,beer
Christoffel Blond,6,0,beer
Chubby Brown,8,0,beer
Church Brew Oktoberfest,5.2,0,beer
Cinder Cone Red,5.4,0,beer
Cinq Cents (White),8,0,beer
Circus Boy,5.2,0,beer
Classic Pale Ale,5.5,0,beer
Classic Pilsener,5,0,beer
Cliffhanger Light Ale,3.22,0,beer
Climax Barleywine-Style Ale,10,0,beer
Climax California Classic,5,0,beer
Climax Doppel Bock,8,0,beer
Climax Extra Special Bitter Ale,5.5,0,beer
Climax Helles,4.8,0,beer
Climax IPA,6,0,beer
Climax Nut Brown Ale,5.2,0,beer
Climax Oktoberfest,6.2,0,beer
Climax Wheat Ale,5,0,beer
Clipper Gold Hefeweizen,5.2,0,beer
Cloudberry Liqueur,25,0,mixedDrink
Club Colombia,4.7,0,beer
Club Manhattan,17,0,mixedDrink
Club Pina Colada,12,0,mixedDrink
Cobra-Hood IPA,7.3,0,beer
Cocoa Loco,7,0,beer
Coconut Rum,21,0,mixedDrink
Coffee Liqueur,22,0,mixedDrink
Coffee Stout,5.7,0,beer
Cognac,40,0,mixedDrink
CoHoHo Imperial IPA,8,0,beer
Cointreau,40,0,mixedDrink
Cold Hop,6.5,0,beer
Colonel Blide's Cask Ale,5.5,0,beer
Colonel Paris Pale Ale,4.5,0,beer
Colorado Bull Dog,33,0,mixedDrink
Colt 45,6.5,0,beer
Columbus Pils,4.9,0,beer
Come About Imperial Stout,9,0,beer
Commodore Perry IPA,7.5,0,beer
Conquest Ale,9,0,beer
Consecrator Doppelbock Beer,8,0,beer
Conspiracy,8.5,0,beer
Conundrum Red Ale,7,0,beer
Coopers Best Extra Stout,6.3,0,beer
Coopers Mild Ale,3.5,0,beer
Coopers Original Pale Ale,4.5,0,beer
Coopers Premium Lager,5,0,beer
Coopers Premium Light,2.9,0,beer
Coopers Sparkling Ale,5.8,0,beer
Coors,4,12,beer
Coors Extra Gold,5,12,beer
Coors Extra Gold Lager,5,12,beer
Coors Light,4.2,12,beer
Coors Original,5,12,beer
Copper Hill Kolsch,5.1,0,beer
Corona Extra,4.6,12,beer
Corona Light,4.1,12,beer
Coronator Helle Doppelbock,7.5,0,beer
Cosmic Black Witbier,6.2,0,beer
Cosmopolitan,20,3,mixedDrink
Cottonwood Endo India Pale Ale,5.9,0,beer
Cousin Jax,9,0,beer
Cow Palace Scotch Ale,6.8,0,beer
Cow Palace Scotch Ale 1998,8.7,0,beer
Cow Palace Scotch Ale 2001,11.1,0,beer
Crabby Larry's Irish Red Ale,6,0,beer
Crazy Horse,6,12,beer
Cream Ale,4.8,0,beer
Cream Stout,6.5,0,beer
Creamy Dark,4.9,0,beer
Creme Brulee Imperial Milk Stout,10,0,beer
Creme Brulee Java Stout,5.8,0,beer
Creme de Banane,30,0,mixedDrink
Creme de Cacao,25,0,mixedDrink
Creme de Cassis,20,0,mixedDrink
Creme de Cerise,20,0,mixedDrink
Creme de Cocoa,24,0,mixedDrink
Creme de Menthe,25,0,mixedDrink
Creme de Menthe,24,0,mixedDrink
Creme de Myrtille,20,0,mixedDrink
Creme de Noyaux,30,0,mixedDrink
Creme de Rose,18,0,mixedDrink
Creme de Violette,25,0,mixedDrink
Creme de Y'vette,28,0,mixedDrink
Cricket's Nocturne,4.5,0,beer
Criminally Bad Elf,10.5,0,beer
Crooked Door,5,0,beer
Crooked Tree IPA,6,0,beer
Crosstown Pale Ale,5.3,0,beer
Crown Lager,4,12,beer
Crown Royal,40,0,mixedDrink
Crown Sterling,43,0,mixedDrink
Crown Sterling Gin,40,0,mixedDrink
Cucapa Honey Ale,4.5,0,beer
Cuervo 1800,40,1.5,shot
Cuervo Almndrado Tequila- CuervoAlmndrado,27,1.5,shot
Cuervo Anejo Tequila,40,1.5,shot
Cuervo Gold Tequila,40,1.5,shot
Cumberland Pale Ale,4.6,0,beer
Curacao,23,1.5,shot
Curator Dunkler Doppelbock,9,0,beer
Curmudgeon,9.3,0,beer
Curve Ball,4.8,0,beer
Curve Ball,4.9,0,beer
Cutthroat Porter,4.8,0,beer
Cutty Sark,40,1.5,shot
Cynar,17,0,mixedDrink
Cypress Honey Lager,4.7,0,beer
Czar Imperial Stout,11.9,0,beer
D. Carnegie and Company Porter,5.5,0,beer
D.O.R.I.S. the Destroyer Double Imperial Stout,10.5,0,beer
Daas Organic Blond,6.5,0,beer
Daas Organic Witte,5,0,beer
Daddy Fat Sacs Imperial IPA,7.5,0,beer
Daiquiri,30,3,mixedDrink
Dale's Pale Ale,6.5,0,beer
Damiana,50,0,mixedDrink
Damnation,7,0,beer
Danger Ale,5.2,0,beer
Dank,9.2,0,beer
Dark Ale,4.5,0,beer
Dark Element,8.75,0,beer
Dark Island,4.6,0,beer
Dark Knight,12,0,beer
Dark Knight,5.4,0,beer
Dark Lager,6.1,0,beer
Dark Lord Russian Imperial Stout,13,0,beer
Dark Mild,3.5,0,beer
Dark Mild,3.2,0,beer
Dark Pilsener,5.5,0,beer
Darkness,10.3,0,beer
Das Schwarze / Dark,4.9,0,beer
De Horste Vermeer Traditional Dutch Ale,8,0,beer
Dead Guy Ale,6.5,0,beer
Dead Leaf Green,5.68,0,beer
Dead Man Walkin' IPA,6.4,0,beer
Dead Monk Abbey Ale,8,0,beer
Dead Reckoning Porter,5.8,0,beer
Decadence,13,0,beer
Deep Shaft Stout,6.2,0,beer
Del Rio Lager,4,0,beer
Delirium Nocturnum,9,0,beer
Delirium Tremens,8.5,0,beer
Dells Chief Amber Ale,4.5,0,beer
Delta Ale,7.8,0,beer
Deluxe Organic Ale,6.9,0,beer
Demolition,8,0,beer
Denver Pale Ale / DPA,5.4,0,beer
Der Weisse Bock,8.5,0,beer
Derailed Black Cherry Ale,5,0,beer
Descent Imperial Abbey Ale,8.3,0,beer
Detonator Doppelbock,8,0,beer
Deus Brut des Flandres,11.5,0,beer
Devotion,6.25,0,beer
Dewars,43,1.5,shot
Dirty Bastard Scotch Style Ale,8.5,0,beer
Dirty Blond,4.5,0,beer
Divine Reserve 9,11,0,beer
Dixie Crystal,10,0,beer
Doc's Hard Apple Cider,4.5,0,beer
Doc's Pale Ale,5.5,0,beer
Dock Street Amber,6,0,beer
Dock Street Amber,5,12,beer
Doggie Claws 2004,11.5,0,beer
Dogma,7.8,0,beer
Dogtoberfest Octoberfest,5.3,0,beer
Domaine DuPage French Country Ale,5.9,0,beer
Dominion,5,12,beer
Don Carlos Tequila,40,1.5,shot
Don De Dieu,9,0,beer
Donner Party Porter,6.7,0,beer
Donovan's Red,5.16,0,beer
Doppel Bock,8.1,0,beer
Doppel-Hirsch Bavarian-Doppelbock,7.2,0,beer
Doppelbock,6.8,0,beer
Doppelbock,10,0,beer
Doppelbock Dunkel,8.5,0,beer
Doppelbock Dunkel,7,0,beer
DoppelSticke,8.5,0,beer
Dorado Double IPA,9.6,0,beer
Dort,6.5,0,beer
Dortmunder Gold,5.8,0,beer
Doryman's Dark Ale,5.8,0,beer
Dos Equis,4,12,beer
Dos Perros,3.5,0,beer
Dos Perros,3.5,0,beer
Double Bag Ale,7.2,0,beer
Double Barrel Ale,5,0,beer
Double Bastard Ale,10,0,beer
Double Chocolate Stout,5.2,0,beer
Double Crooked Tree I.P.A.,13.6,0,beer
Double D IPA,8.2,0,beer
Double Daddy,9.5,0,beer
Double Dead Guy Ale,9,0,beer
Double Diamond Winter,8.5,0,beer
Double Dog Double Pale Ale,11.5,0,beer
Double Eagle Scotch Ale,5.8,0,beer
Double Enghien Blonde Ale,7.5,0,beer
Double Enghien Bruin,8,0,beer
Double India Pale Ale,8.6,0,beer
Double IPA,6.8,0,beer
Double Mountain Altbier,5.6,0,beer
Double Mountain Kolsch,5.2,0,beer
Double Mountain Pale Ale,5.1,0,beer
Double Paw,8.5,0,beer
Double Pilsner,8.1,0,beer
Double Simcoe IPA,9,0,beer
Double Trouble Imperial IPA,9.4,0,beer
Double Trouble IPA,9.8,0,beer
Double White,6.6,0,beer
Double Wide I.P.A.,8.5,0,beer
Downtown After Dark,12,0,beer
Downtown Brown,5,0,beer
DPA,5.1,0,beer
Dragon Stout,7.5,0,beer
Dragon's Milk,9,0,beer
Dragonhead Stout,4,0,beer
Dragonslayer,9.5,0,beer
Drambuie,40,0,mixedDrink
Dreadnaught Imperial IPA,9.5,0,beer
Dreamweaver,4.8,0,beer
Dreher Classic,5,0,beer
Drie Fonteinen Kriek,5,0,beer
Drop Top Amber Ale,5,0,beer
Druid Fluid,9.5,0,beer
Drumgray Highland Cream Liqueur,17,0,mixedDrink
Drunk Monk Hefeweizen,4.8,0,beer
Dry Hop Orange,5.4,0,beer
Dry Hop Red,5.7,0,beer
Dry Hopped St. Rogue Red Ale,5.1,0,beer
Dry Orange Curacao,30,0,mixedDrink
Dry-Hopped APA,5.9,0,beer
DSB / Dusters Special Bitter,5.6,0,beer
Dubbel,7,0,beer
Dubbel Ale,5.2,0,beer
Dubbel Dragon,7.2,0,beer
Dubble Fantasy,5,0,beer
Dublin Stout,6,0,beer
Dubouchette Amaretto,28,0,mixedDrink
Dubouchette Triple Sec,30,0,mixedDrink
Duchesse de Bourgogne,6.2,0,beer
Duchy Originals Organic English Ale,5,0,beer
Duck-Rabbit Amber Ale,5.5,0,beer
Duck-Rabbit Brown Ale,5.6,0,beer
Duck-Rabbit Milk Stout,5.7,0,beer
Duck-Rabbit Porter,5.7,0,beer
Duck-Rabbit Schwarzbier,5.8,0,beer
Duet,7,0,beer
DuganA IPA,8.5,0,beer
Duggie Meyer Wee Heavy,7,0,beer
Duinen Dubbel,8,0,beer
Duke IPA,5.1,0,beer
Dulle Teve / Mad Bitch,10,0,beer
Dundee Export 90 Scotch Ale,6.5,0,beer
Dundee Festive Ale,6.2,0,beer
Dundee India Pale Ale,6.3,0,beer
Dundee Pale Ale,5.3,0,beer
Dundee Pale Bock Lager,6.25,0,beer
Dundee Porter,6.5,0,beer
Dundee Scotch Ale,6.5,0,beer
Dundee Stout,5.8,0,beer
Dundee Wheat Beer,4.2,0,beer
Dunkel,4.8,0,beer
Dunkel,5.5,0,beer
Dunkel,5.2,0,beer
Dunkel Lager,5,0,beer
Dunkle Weisse,5.3,0,beer
Dunkles,5.1,0,beer
Dunkles Hefe Weizen,5.3,0,beer
Durango,9,0,mixedDrink
Dusseldorfer Doppelbock,6,0,beer
Dutch Girl Lager,4.3,0,beer
Duvel,8.5,0,beer
Duveneck's Dortmunder,4.5,0,beer
Dynamo Copper Lager,5.6,0,beer
E.S. Bam,4.7,0,beer
Early Times Bourbon,40,0,mixedDrink
Earth - Belgian Style Chocolate Milk Stout,5,0,beer
East End Witte,4.5,0,beer
East India Pale Ale,6.8,0,beer
East India Pale Ale,4,0,beer
East Kent IPA,6.6,0,beer
Easy Street Wheat,4.6,0,beer
Edel-Pils,4.8,0,beer
Edel-Pils,4.8,0,beer
Edel-Spezial,5.2,0,beer
Edgar I.P.A.,8,0,beer
Edmund Fitzgerald Porter,5.8,0,beer
Eine Bamberger Weisse Hell,5.2,0,beer
Eisbock,9.2,0,beer
Eisenbahn Weizenbock,8,0,beer
Eislin Dubbel,8,0,beer
EKU 28,11,0,beer
EKU 28 Malt Liquor,10,0,mixedDrink
EKU Pils,4.9,0,beer
El Diablo Tripel,11,0,beer
El Jefe,5.7,0,beer
Elephant,7.2,0,beer
Elephant Malt Liquor,7,12,beer
Eleven,11.7,0,beer
Eliot Ness,6,12,beer
Eliot Ness Amber Lager,6.2,0,beer
Elissa IPA,6.6,0,beer
Elizabethan Ale,8.1,0,beer
Elk Mountain Amber,5,12,beer
Elm City Schwarzbier,5.3,0,beer
Elysian Fields Pale Ale,4.8,0,beer
Emancipator,8.3,0,beer
embrasse,9,0,beer
Empire India Pale Ale,7.5,0,beer
Ename Tripel,8.5,0,beer
Engine 5,5,0,beer
English Bay Pale Ale,5,0,beer
Entire Stout,4.5,0,beer
Envy,7,0,beer
Epic Pale Ale,5.4,0,beer
Epiphany Ale,5.5,0,beer
Equinox Dark Belgian Winter,8,0,beer
Erdinger Weizen,5.3,0,beer
Erik the Red,5,0,beer
Ertvelds Wit,5,0,beer
ESB,6.1,0,beer
ESB,6,0,beer
ESB,5.7,0,beer
ESB - Early Spring Beer,5.9,0,beer
ESB (Extra Special Blizzard),6,0,beer
ESB Ale,5.5,0,beer
Espresso Oak Aged Yeti,9.5,0,beer
Estes Park Gold,4.2,0,beer
Estes Park Porter,4.6,0,beer
Estrella Damm,4.6,0,beer
Estrella Levante Clasica,4.8,0,beer
Estrella Levante Especial,5.4,0,beer
Everclear,95,1.5,shot
Existential,11.1,0,beer
Exit 11 - Hoppy American Wheat,6.2,0,beer
Exit 16 - Wild Rice Double IPA,8.2,0,beer
Expedition Stout,10.5,0,beer
Export,5.4,0,beer
Export Ale,5.1,0,beer
Export Premium,5.4,0,beer
Export-Hell,5.3,0,beer
Extra Pale Ale,5.4,0,beer
Extra Pale Ale,4.8,0,beer
Extra Strong Vintage Ale,7.5,0,beer
Eye of the Hawk,8,0,beer
FA,4.8,0,beer
Fahrwasser Fairway Pilsner,5.2,0,beer
Fairfax Coffee Porter,5.5,0,beer
Fairweather IPA,6.1,0,beer
Falcon Lagrad Gammelbrygd,5.6,0,beer
Fall Festivus Ale,4.8,0,beer
Fallen Angel,8,0,beer
Fancy Lawnmower Beer,4.9,0,beer
Fargo Brothers Hefeweizen,5.25,0,beer
Farm Girl Saison,6,0,beer
Farm House Ale,6.7,0,beer
Farmer's Tan Imperial Pale Lager,9,0,beer
Farmhouse Reserve,6.3,0,beer
Farmhouse Saison,6.2,0,beer
Fast Eddies Pale Ale,5,0,beer
Fat Cat,7.25,0,beer
Fat City Ale,4.5,0,beer
Fat Dog Stout,9,0,beer
Fat Squirrel Nut Brown Ale,5.8,0,beer
Fat Tire,5,12,beer
Fauerbach Amber Lager,4.5,0,beer
Feast of Fools,5.3,0,beer
Featherweight Lager,4.1,0,beer
Fegley's Amber Lager,5.2,0,beer
Festbier,5.6,0,beer
Feuerwehrmann Schwarzbier,5,0,beer
Fiesta IPA,6.3,0,beer
Final Absolution,8.5,0,beer
Finest Bitter,4,0,beer
Fire Rock Pale Ale,5.8,0,beer
Fireball,33,1.5,mixedDrink
Firehouse ESB,5.5,0,beer
Firemans #4,5.1,0,beer
Fireside Nut Brown,4.9,0,beer
Firestole Pale 31,4.6,0,beer
First Flight Amber Ale,4.5,0,beer
Flagship Red Alt Ale,5.2,0,beer
Flashback Anniversary Ale,6.8,0,beer
Flat Belly American Wheat,3.6,0,beer
Flat Earth Belgian-style Pale Ale,5.2,0,beer
Fleischmann's,45,1.5,shot
Flemish Primitive Wild Ale (Demon Fish),9,0,beer
Flemish Primitive Wild Ale (Pig Nun),9,0,beer
Flemish Primitive Wild Ale (Pin Head),9,0,beer
Flemish Primitive Wild Ale (Spoon Whacker),9,0,beer
Flemish Primitive Wild Ale (Surly Bird),9,0,beer
Flensburger Pilsner,4.8,0,beer
Flower Power India Pale Ale,8,0,beer
Flying Mouflan,9.3,0,beer
Flywheel Bright Lager,5,0,beer
Foggy Goggle Belgian White,5.3,0,beer
Foreign Extra Stout,7.5,0,beer
Fort,18,0,beer
Forty-Niner Gold Lager,4.5,0,beer
Foster Child Australian Lager,4,0,beer
Foster's Lager Beer,4.9,0,beer
Foster's Premium Ale,5.5,0,beer
Foster's Special Bitter,5.5,0,beer
Fosters,5,12,beer
Founders Black Rye,6.4,0,beer
Founders Breakfast Stout,8.3,0,beer
Founders Devil Dancer,13,0,beer
Founders Imperial Stout,10,0,beer
Founders Kentucky Breakfast,10,0,beer
Founders Pale Ale,5.2,0,beer
Founders Red's Rye,6.4,0,beer
Four,10,0,beer
Four Alarm Alt,4.8,0,beer
Fourteen,9.46,0,beer
Framboise,6,0,beer
Framboise,5,0,mixedDrink
Frangelico,24,0,mixedDrink
Frank Double IPA,8.5,0,beer
Franzia in a Box,9,5,wine
Franzia Wine Cooler,5,5,wine
Franziskaner Hefe-Weissbier Dunkel,5,0,beer
Franziskaner Hefe-Weissbier Hell  / Franziskaner Club-Weiss,5,0,beer
Fraoch Heather Ale,5,0,beer
Fred,10,0,beer
Free Bike Amber,4.5,0,beer
Freestyle Pilsner,5.5,0,beer
French Country Spring Beer,6.5,0,beer
Fresh Frog Raw Hop Imperial Pale Ale,7.8,0,beer
Fresh Hop Pale Ale,6.1,0,beer
Fresh Hops Pale Ale,5,0,beer
Frigola,25,0,mixedDrink
Frog's Hollow Double Pumpkin Ale,8.4,0,beer
Frosted Frog Christmas Ale,8.6,0,beer
Frosty Frog,9,0,beer
Fu-Ki Sake,16,12,beer
Fuego del Otono,6.1,0,beer
Fuel Cafe,5.9,0,beer
Full Curl Scotch Ale,6,0,beer
Full Moon Belgian White Ale,7.9,0,beer
Full Moon Pale Rye Ale,5.7,0,beer
Full Moon Winter Ale,5.6,0,beer
Full Sail Amber,5,12,beer
Fuller's ESB,4.5,0,beer
Fur Rondy,6,0,beer
Furious Beer,6,0,beer
Fuzzy Navel,20,0,mixedDrink
Gaelic Ale,5.8,0,beer
Gale Force IPA,5.6,0,beer
Galliano,35,0,mixedDrink
Gambrinus,4.6,0,beer
Garde Dog,5.8,0,beer
Gavroche French Red Ale,8.5,0,beer
Geary's Pale,4,12,beer
Geary's Pale Ale,4.5,0,beer
Geist Bock,6.1,0,beer
Gemini Imperial Blended Ale,10.5,0,beer
Gemuetlichkeit Oktoberfest,5.5,0,beer
General Pippo's Porter,5.5,0,beer
General Washington Tavern Porter,7,0,beer
Generation,4,0,beer
Genesee Cream Ale,5.2,0,beer
Genesee Cream Ale,4,12,beer
Genj Sake,17,12,beer
Genuine Honey Lager,5,0,beer
Genuine Irish Stout,4.1,0,beer
Genuine Lager,5,0,beer
Genuine Pilsner,5.5,0,beer
Georgi-Belgique,6.4,0,beer
Georgia Brown,5.1,0,beer
Geuze Boon,6,0,beer
Ghost Pony Helles Lager,5.6,0,beer
Gilbey's Gin,40,0,mixedDrink
Gilbey's Vodka,40,1.5,shot
Gin,45,1.5,shot
Gin (Bar Stock),40,0,mixedDrink
Gin (Diluted),21,0,mixedDrink
Gin (Flavored),35,0,mixedDrink
Gin tonic,11.4,7,mixedDrink
Ginger Tom,4,0,beer
Glacier Harvest '09 Wet Hop (100 Barrel Series #28),6.7,0,beer
Glenfiddich,43,0,mixedDrink
Glissade Golden Bock,6.4,0,beer
Glockenspiel,8,0,beer
Gluttony,10.5,0,beer
Gnaw Bone Pale Ale,5.5,0,beer
God Jul - Winter Ale,8.5,0,beer
Godiva Chocolate Liqueurs,17,0,mixedDrink
Gold Ale,4.9,0,beer
Gold Coast Blonde Ale,4.4,0,beer
Gold Rush,4.5,0,beer
Gold Star Pilsner,5.1,0,beer
Gold-Pils,5.5,0,beer
Golden Ale,4.7,0,beer
Golden Ale,5.2,0,beer
Golden Export,5,0,beer
Golden Frog,6,0,beer
Golden Monkey Tripel,9.5,0,beer
Golden Pheasant,4,0,beer
Golden Rose,6,0,beer
Golden Treasure,4.2,0,beer
Golden Triangle Triple,8.5,0,beer
Goldschlager,53,1.5,shot
Goldwasser,40,0,mixedDrink
Golf,5,0,beer
Gonzo Imperial Porter,7.8,0,beer
Goofy Foot Summer Wheat,4.8,0,beer
Goose Island Imperial IPA,9,0,beer
Goose Island IPA,5.9,0,beer
Goose Island Midway IPA,6.8,0,beer
Gordon,8.7,0,beer
Gordon Biersch Czech Lager,5.6,0,beer
Gordon Biersch Hefeweizen,5.5,0,beer
Gordon Biersch Marzen,5.7,0,beer
Gordon Biersch Schwarzbier,4.3,0,beer
Gordon's Gin,40,0,mixedDrink
Gose,4.6,0,beer
Gouden Carolus Ambrio 1471,8,0,beer
Gouden Carolus Hopsinjoor,8,0,beer
Gouden Carolus Tripel,9,0,beer
Goudenband 1996,3.98,0,beer
Goudenband 2002,8,0,beer
Gouyasse / Goliath,9,0,beer
Graduation Ale,5.5,0,beer
Grail Ale,5.5,0,beer
Grain Belt,4.6,0,beer
Gran Met,10.5,0,beer
Grand Cru,9.5,0,beer
Grand Cru,9,0,beer
Grand Cru,10.5,0,beer
Grand Cru,10,0,beer
Grand Cru,7.2,0,beer
Grand Cru,6,0,beer
Grand Cru 2003,10,0,beer
Grand Cru 2006,10,0,beer
Grand Cru of the Emperor,8,0,beer
Grand Cru Winter Reserve,7.2,0,beer
Grand Mariner,40,0,mixedDrink
Grande Marnier,40,1.5,shot
Grape Pucker (DeKuyper),15,5,wine
Grateful Red,5,0,beer
Graves,95,1.5,shot
Great American's Restaurant Pale Ale,5.7,0,beer
Great Divide Belgica,7.2,0,beer
Great Divide Dunkel Weiss,6.4,0,beer
Great Divide Saison,7.3,0,beer
Great Northern Porter,5.6,0,beer
Greed,5,0,beer
Green Chartreuse,55,0,mixedDrink
Green Curacao,30,0,mixedDrink
Green Flash Imperial India Pale Ale,9,0,beer
Green Lakes Organic Ale,5.2,0,beer
Green Monsta Ale,7.3,0,beer
Green Valley Stone Mill Pale Ale,5.5,0,beer
Grid Iron Amber Ale,5.6,0,beer
Griffin Golden Ale,5.2,0,beer
Grimbergen Blonde,6.7,0,beer
Grinnin' Grizzly Spiced Ale,5.7,0,beer
Grizzly Wulff Wheat,5.3,0,beer
Grolsch Amber Ale,5.3,0,beer
Grolsch Dunkel Weizen,5.5,0,beer
Grolsch Lager Beer,5,12,beer
Grolsch Pilsner Speciale,5.5,0,beer
Grolsch Premium Pilsner,5,0,beer
Grolsch Premium Weizen,5.5,0,beer
Grotten Brown,6.7,0,beer
Grotten Flemish Ale,7.7,0,beer
Grottenbier,6.5,0,beer
Grozet Gooseberry and Wheat Ale,5,0,beer
Guava Grove Ale,8,0,beer
Gubna Imperial IPA,10,0,beer
Gueuze 1882,5,0,beer
Gueuze-Lambic,6.5,0,beer
Guinness,4,12,beer
Guinness 250th Anniversary Stout,5,0,beer
Guinness Draught,4.3,0,beer
Guinness Draught,4.3,0,beer
Guinness Extra Stout,5,0,beer
Guinness Foreign Extra,6.5,0,beer
Gulden Fraug Belgian Ale,10.5,0,beer
Guldenberg,8.5,0,beer
Gull Classic,5.5,0,beer
Gumballhead,4.8,0,beer
H. Walker Creme de Cocoa,27,0,mixedDrink
H. Walker Creme de Menthe,30,0,mixedDrink
Hades,7.3,0,beer
Hahn Special Vintage 2000,8,0,beer
Half in the Bagpipe,7.2,0,beer
Half-E-Weizen,4.8,0,beer
Halligan IPA,5.1,0,beer
Hammerin' Ale,4.5,0,beer
Hamtramck,4,0,beer
Hands Off Maibock,8,0,beer
Hanf,5,0,beer
Hang Ten,10,0,beer
Hansa Imported Dortmunder,4.8,0,beer
Hansa Pils,4.8,0,beer
Harbor Light Ale,4.8,0,beer
Harborfields HefeWeizen,4.5,0,beer
Hard Core Cider,6,12,beer
Hardcore IPA,9,0,beer
Harp Lager,5,0,beer
Harpoon Ale,5,0,beer
Harpoon Brown Session Ale,4.3,0,beer
Harpoon IPA,5.9,0,beer
Harpoon Leviathan,10,0,beer
Harpoon Munich Dark,5.5,0,beer
Harpoon UFO Hefeweizen,4.8,0,beer
Harpoon Winter Warmer,5.9,0,beer
Hart Espresso Stout,5.6,0,beer
Harvest,4.4,0,beer
Harvest Ale,5.6,0,beer
Harvest Ale,6.5,0,beer
Harvest Ale 1997,11.5,0,beer
Harvest Ale 1998,11.5,0,beer
Harvest Ale 1999,11.5,0,beer
Harvest Ale 2000,11.5,0,beer
Harvest Ale 2001,11.5,0,beer
Harvest Ale 2002,11.5,0,beer
Harvest Ale 2005,11.5,0,beer
Harvest Ale 2005 (Calvados),11.5,0,beer
Harvest Ale 2005 (Port),11.5,0,beer
Harvest Ale 2005 (Sherry),11.5,0,beer
Harvest Ale 2005 (Whisky),11.5,0,beer
Harvest Ale 2006,11.6,0,beer
Harvest Ale 2007,6.7,0,beer
Harvest Hefeweizen,4.9,0,beer
Harvest Moon Pumpkin,5.7,0,beer
Hathor Red Lager,5.4,0,beer
Haupenthal Hefeweizen,4.8,0,beer
Havre Stout,4.5,0,beer
Haywards 2000,7.5,0,beer
Haywards 5000,7.5,0,beer
Haywards Black,8,0,beer
Haywords 5000,7.5,0,beer
Hazed & Infused Dry-Hopped Ale,4.85,0,beer
Hazelnut Brown Nectar,6,0,beer
Hazy Daze Hefeweizen,5.5,0,beer
Head Trip,10.5,0,beer
Headbangerz Brown Ale,5,0,beer
Headless Man Amber Alt,5,0,beer
Heady Topper,8,0,beer
Heat Seeker Hefe,4,0,beer
Heathen,6.9,0,beer
Heather Ale,5.4,0,beer
Heaven Hill Bourbon,40,0,mixedDrink
Heaven Hill Ol Style,50,1.5,shot
Heavenly Hefeweizen,4.5,0,beer
Heavenly Helles,5.3,0,beer
Heavy Seas Big DIPA,10.6,0,beer
Heavy Seas Prosit! Imperial Oktoberfest Lager,9,0,beer
Heavy Seas The Great Pumpkin Imperial Pumpkin Ale,8.5,0,beer
Heavy Weizen Imperial Unfiltered Wheat Ale,8,0,beer
Hecker Dunkel,5.2,0,beer
Hefe Weiss,4.2,0,beer
Hefe Weiss,5.1,0,beer
Hefe Weissbier,5.4,0,beer
Hefe Weizen,4.6,0,beer
Hefe-Weizen,5.2,0,beer
Hefe-Weizen,5.8,0,beer
Hefe-Weizen,5.2,0,beer
Hefe-Weizen,4.7,0,beer
Hefeweissbier Dunkel,5.3,0,beer
Hefeweizen,5.6,0,beer
Hefeweizen,4.3,0,beer
Hefeweizen,5.2,0,beer
Hefeweizen,7.5,0,beer
Hefeweizen,4.2,0,beer
Hefeweizen,5,0,beer
Hefeweizen,5,0,beer
Hefeweizen,5,0,beer
Hefeweizen,5.5,0,beer
Hefeweizen,5,0,beer
Heineken,5,0,beer
Helios,7.5,0,beer
Hell,4.9,0,beer
Hell,4.8,0,beer
Hell,5.1,0,beer
Hell,4.8,0,beer
Hell,5,0,beer
Hell Hath No Fury Ale,7.7,0,beer
Hell's Belle,7,0,beer
Hellbrook,8,0,beer
Heller Hound Bock Beer,6.2,0,beer
Helles Bock,6.6,0,beer
Helles Golden Lager,4.7,0,beer
Helles Hefe Weizen,5.3,0,beer
Hellrazer,6.2,0,beer
Hellsmoke Porter,5.7,0,beer
Hennepin Farmhouse Ale,7.7,0,beer
Hennessy Cognac,40,0,mixedDrink
Henry Weinhard's Private Reserve,4,12,beer
Herb Superb,6,0,beer
Herbsaint,30,0,mixedDrink
Hercule Stout,9,0,beer
Hercules Double IPA,9.1,0,beer
Heresy,8,0,beer
Herradura Tequila,40,1.5,shot
Het Kapittel Abt,10,0,beer
Heublein Marguerita,12,0,mixedDrink
Heublein Pina Colada,13,0,mixedDrink
Heublein Whiskey Sour,15,0,mixedDrink
Hibernation Ale,8.1,0,beer
Hibernator,6,0,beer
High Gravity Lager,8.1,0,beer
High Seas IPA,7,0,beer
High Tide IPA,6.5,0,beer
Highland Mist,20,0,mixedDrink
Highlander 80,5,0,beer
Highwater Porter,6,0,beer
Highway 22 Wheat,4.7,0,beer
Hinano,5,0,beer
Hinterland Hefe Weizen,5.3,0,beer
HIPA,6.8,0,beer
Hiram Walker Triple Sec,30,0,mixedDrink
Hitachino Nest Celebration Ale 2006,9,0,beer
Hitachino Nest Espresso Stout,7.5,0,beer
Hitachino Nest Japanese Classic Ale,7,0,beer
Hitachino Nest Real Ginger Brew,7,0,beer
Hitachino Nest Sweet Stout,3.5,0,beer
Hitachino Nest XH,8,0,beer
Hite,4.5,0,beer
Hitman Gold,5.5,0,beer
Hocus Pocus,4.5,0,beer
Hoegaarden,4.9,0,beer
Hog Heaven Barleywine,9.2,0,beer
Holy Cow IPA,5.16,0,beer
Holy Mackerel Mack In Black,8,0,beer
Holy Mackerel Special Golden Ale,8.5,0,beer
Holy Moly,7.8,0,beer
Holy Moses,5.4,0,beer
Holy Sheet,9,0,beer
Homeport Blonde,4.6,0,beer
Honey and Ginger Ale,4,0,beer
Honey Brown,4.5,0,beer
Honey Brown - JW Dundee,3,12,beer
Honey Brown Ale,6,0,beer
Honey Brown Lager,5,12,beer
Honey Bunny Blonde Ale,5.8,0,beer
Honey Cream Ale,5.5,0,beer
Honey Double Maibock,7,0,beer
Honey Moon Summer Ale,5.6,0,beer
Honey Pilsner,4.5,0,beer
Honey Pilsner,5.2,0,beer
Honey Wheat,4.46,0,beer
Honey Wheat,3.9,0,beer
Honey-Raspberry Ale,4.4,0,beer
Hooker Oktoberfest,5.8,0,beer
Hop 15 Ale,10,0,beer
Hop Dam Triple IPA,10,0,beer
Hop Devil India Pale Ale,6.7,0,beer
Hop Explosion,7,0,beer
Hop Hazard,5.5,0,beer
Hop Hearty IPA,6.2,0,beer
Hop Hed Red Ale,6,0,beer
Hop Henge Imperial IPA,8.75,0,beer
Hop Hog IPA,7.9,0,beer
Hop Juice Double IPA,9.4,0,beer
Hop Knot IPA,6,0,beer
Hop Lava,7,0,beer
Hop Maniac IPA,6.5,0,beer
Hop Master's Abbey Belgian-style Double IPA,8.5,0,beer
Hop Mountain,5.6,0,beer
Hop Obama,5.2,0,beer
Hop Ottin IPA,7,0,beer
Hop Rocker,5.5,0,beer
Hop Rod Rye,8,0,beer
Hop Stoopid,8.2,0,beer
Hop Sun,4.5,0,beer
Hop Trip Fresh Hop Pale Ale,5.5,0,beer
Hop Wallop,8.5,0,beer
HopBack Amber Ale,5.6,0,beer
Hope & King Scotch Ale,6,0,beer
Hopfen Weisse,8.2,0,beer
HopFish IPA,6.2,0,beer
Hopmouth Double IPA,8,0,beer
Hopnoxxxious,7.45,0,beer
Hoppe Imperial Extra Pale Ale,8,0,beer
Hoppin' To Heaven IPA,6.8,0,beer
Hopportunity Knocks Ale,6.8,0,beer
Hoppy Chick,5.75,0,beer
Hoppy Claus Holiday Ale,7.8,0,beer
Hoppy Face Amber Ale,5.5,0,beer
Hoppy Frog,6.5,0,beer
Hoppy Trails India Pale Ale,6.2,0,beer
Hops Infusion,6.2,0,beer
Hopsecutioner,7.2,0,beer
Hopslam Ale,10,0,beer
Hoptical Illusion,6.8,0,beer
Hopworks IPA,6.6,0,beer
Hopyard IPA,5.3,0,beer
Horizon Red Ale,5.7,0,beer
Horn Dog,10.2,0,beer
Horny Devil,10,0,beer
Horny Toad IPA,7.1,0,beer
Horseshoe Hefeweizen,4.5,0,beer
Hoster 90 Shilling Ale,6,12,beer
Hot Damn,50,1.5,shot
Hot Shot ESB,5,0,beer
HotRod Red,6.1,0,beer
Houblon,9,0,beer
House Ale,7.2,0,beer
House Ale,4.5,0,beer
Howl,4.6,0,beer
Hpnotiq,18,0,mixedDrink
HSD Hicks Special Draught,5,0,beer
HUB Lager,5.1,0,beer
Huckleberry Ale,3.5,0,beer
Humbles Blond Ale,3.5,0,beer
Humidor Series Jai Alai Cedar Aged India Pale Ale,7.5,0,beer
Hummer,5.1,0,beer
Humpis-Original Naturtrub,5.1,0,beer
Hurricane,5,12,beer
Huusbier Hell,4.6,0,beer
Huusbier Schwarz,4.5,0,beer
IC Light,4.15,0,beer
Ice House,5,12,beer
Icehouse,5.5,0,beer
Ichabod,5.2,0,beer
Ichabod's Midnight Ride,6,0,beer
Illuminator Doppelbock,6.8,0,beer
Im Paled Ale,6.5,0,beer
Immort Ale,11,0,beer
Imperial Cherry Saison,8,0,beer
Imperial Chocolate Pumpkin Porter,7.8,0,beer
Imperial Eclipse Stout,9.5,0,beer
Imperial Espresso Porter,8,0,beer
Imperial Gold Malt Liquor,9.9,0,beer
Imperial Hefeweizen,7.5,0,beer
Imperial I.P.A.,7.2,0,beer
Imperial India Pale Ale / I2PA,9.5,0,beer
Imperial Mokah Blended Stout,11,0,beer
Imperial Nut Brown,9.8,0,beer
Imperial Premium Malt Pilsner,8.8,0,beer
Imperial Pumpkin Ale,8,0,beer
Imperial Red,9,0,beer
Imperial Russian Stout,10.5,0,beer
Imperial Stout,7,0,beer
Imperial Stout,7.1,0,beer
Imperial Stout,6.2,0,beer
Imperial Stout,8.2,0,beer
Imperial Stout,9,0,beer
Imperial Stout,6,0,beer
Imperial Stout,8,0,beer
Imperial Stout 2001,9.47,0,beer
Imperial Stout 2002,9.47,0,beer
Imperial Stout 2003,9.4,0,beer
Impromptu Pale Ale,5,0,beer
In-Heat Wheat,4.7,0,beer
Independence Ale,6.7,0,beer
India Pale Ale,6.5,0,beer
India Pale Ale,7.5,0,beer
India Pale Ale,6.8,0,beer
India Pale Ale,7.5,0,beer
India Pale Ale,5.8,0,beer
India Pale Ale,6.6,0,beer
India Pale Ale,5.2,0,beer
India Pale Ale,6.3,0,beer
India Pale Ale,4.8,0,beer
India Pale Ale,6.3,0,beer
India Red Ale,6.8,0,beer
India Style Brown Ale,6,0,beer
Indian Brown Ale,7.2,0,beer
Indian Red Ale,6.5,0,beer
Indiana Amber,5.5,0,beer
Indica India Pale Ale,6.5,0,beer
Indus Pride,4.8,0,beer
Industrial IPA,7.4,0,beer
Iniquity Imperial Black Ale,9,0,beer
Insanity,11.1,0,beer
Inspiration Red,5.6,0,beer
Instigator Doppelbock,7.5,0,beer
Inversion IPA,6.8,0,beer
Iowa Pale Ale,5,0,beer
IPA,5.5,0,beer
IPA,6,0,beer
IPA,6.2,0,beer
IPA,5.5,0,beer
IPA,5.5,0,beer
IPA,6.7,0,beer
IPA,6.9,0,beer
IPA,7.25,0,beer
IPA,3.5,0,beer
Ipswich Dark Ale,6.3,0,beer
Ipswich Harvest,6.9,0,beer
Ipswich IPA,6.3,0,beer
Ipswich Nut Brown,5.5,0,beer
Ipswich Oatmeal Stout,7,0,beer
Ipswich Original Ale,5.4,0,beer
Ipswich Porter,5.9,0,beer
Ipswich Summer,4.9,0,beer
Ipswich Winter,6.2,0,beer
Irish Amber,4.6,0,beer
Irish Cream,17,0,mixedDrink
Irish Dry Stout,4.8,0,beer
Irish Red,4.4,0,beer
Irish Red Ale,5.2,0,beer
Irish Style Ale,5.2,0,beer
Irish Whiskey,40,0,mixedDrink
Iron City,4.5,0,beer
Iron Hill Belgian Tripel,9.5,0,beer
Iron Rail IPA,7.2,0,beer
Iron Thistle,8,0,beer
Ironbound Ale,5.1,0,beer
Ironhead Porter Old No. 3,6,0,beer
Ise Kadoya Stout,5,0,beer
Island Lager,5,0,beer
Island Pale Ale (IPA),7,0,beer
Islander Pale Ale,5,0,beer
Isolation Ale,6,0,beer
Ivanhoe,5.2,0,beer
Izarra,48,0,mixedDrink
Jack Daniel Black,45,0,mixedDrink
Jack Daniel Green Bourbon,40,0,mixedDrink
Jack of Spades Schwarzbier,3.9,0,beer
Jack's Pumpkin Spice Ale,5.5,0,beer
Jacobite Ale,8,0,beer
Jacobsen Dark Lager,5.8,0,beer
Jade,4.5,0,beer
Jagermeister,35,1.5,shot
Jahrhundert-Bier,5.5,0,beer
Jahva Imperial Coffee Stout,12,0,beer
Jai Alai IPA,7.5,0,beer
Jamaica Club (White),65,1.5,shot
Jamaican Club (Gold),40,1.5,shot
James Squire Australian Best Ale Limited Release,6.8,0,beer
Jameson Irish Whiskey,40,0,mixedDrink
Jan de Lichte,7,0,beer
Jasparilla,9,0,beer
Java Head Stout,7.5,0,beer
Java Stout,7.5,0,beer
Jenlain Blonde,7.5,0,beer
Jenlain St Druon de Sebourg,6,0,beer
Jeremiah Red,7.3,0,beer
Jever Pilsener,4.9,0,beer
Jim Bea Black,45,0,mixedDrink
Jim Bean,40,0,mixedDrink
Jinx,6.9,0,beer
Jittery Frog,6,0,beer
JoBoy's IPA,6.5,0,beer
John Barleycorn Barleywine Style Ale,9,0,beer
Johnny Walker,40,0,mixedDrink
Johnny Walker Black,43,0,mixedDrink
Johnny Walker Red,43,0,mixedDrink
Johnston Pilsener,4.9,0,beer
Jolly Roger,9,0,beer
Jolly Roger Imperial Stout,9,0,beer
Jolly Scot Scottish Ale,5.2,0,beer
Juarez Triple Sec,15,0,mixedDrink
Jubelale,6.7,0,beer
Judgement Day,10.5,0,beer
JuJu Ginger,4,0,beer
Jungle Juice,95,0,mixedDrink
Juniper Pale Ale,5.3,0,beer
Jupiler,5.2,0,beer
K-9 Cruiser Winter Ale,6.4,0,beer
K-O Blond Beer,10,0,beer
Kahlaa,27,0,mixedDrink
Kahlua,27,1.5,shot
Kalamazoo Stout,6,0,beer
Kamakazi,38,1.5,shot
Kapala,27,0,mixedDrink
Kapuziner Kristall-Weizen,5.4,0,beer
Kapuziner Schwarz-Weizen,5.4,0,beer
Karma,5.2,0,beer
Kashmir IPA,5.6,0,beer
Kasteel Bier Brune,11,0,beer
Kasteel Bier Donker-Foncee,11,0,beer
Kataja Olut IVB,7,0,beer
Kate The Great Russian Imperial Stout,9.5,0,beer
Kellerbier,5,0,beer
Kells Irish Style Lager,5,0,beer
Kelpie Seaweed Ale,4.4,0,beer
Kent Lake Kolsch,4,0,beer
Kenziger,4.5,0,beer
Kerberos,8.5,0,beer
Kerplunk Imperial Chocolate Stout,8.1,0,beer
Kerst Pater Special Christmas Beer,9,0,beer
Keystone,4,12,beer
Keystone Ice,5,12,beer
Keystone Light,4.2,12,beer
Kiki Beach Key Lime Liquor,15,0,mixedDrink
Kiku Masamune Sake,16,12,beer
Killer Penguin,10,0,beer
Killian's Irish Red,4.9,0,beer
Killians Red,4,12,beer
Kilt Kicker Wee Heavy,7,0,beer
Kilt Lifter  Scottish-Style Ale,6,0,beer
Kilt Lifter Scottish Ale,8,0,beer
Kilt Tilter,9,0,beer
King Cobra,6,12,beer
King Crimson,6,0,beer
King Lager,5.2,0,beer
King's Peak Porter,4,0,beer
Kingfisher Premium,4.8,0,beer
Kings Pilsener,5,0,beer
Kipona Fest,5.2,0,beer
Kirin,5,12,beer
Kirin Ichiban,4.95,0,beer
Kirin Light,3.31,0,beer
Kiss of Death,7,12,beer
Kitsilano Maple Cream Ale,5,0,beer
Knock Out,8,0,beer
Kodiak Brown Nut Brown Ale,5,0,beer
Kommel,38,0,mixedDrink
Konig Ludwig Weissbier,5.5,0,beer
Korbinian,7.4,0,beer
Koshihikari Echigo Beer,5,0,beer
Kozel Premium,5,0,beer
Krampus Imperial Helles Lager,9,0,beer
Kriek,7,0,beer
Kristall Weissbier,5.4,0,beer
Kristall Weizen,5.3,0,beer
Krooks Mill,5.3,0,beer
Krupnik,40,0,mixedDrink
Kryptonite Imperial IPA,9,0,beer
Krystal Weizen,4.9,0,beer
LA Anheuser Busch,2,12,beer
La Chouffe Golden Ale,8,0,beer
La Divine Double Blond,7.5,0,beer
La Divine Tripel Amber,9,0,beer
La Fin Du Monde,9,0,beer
La Folie,6,0,beer
La Folie Falling Rock,6,0,beer
La Maitresse du Moine,9,0,beer
La Moneuse,8,0,beer
La Quintine Blonde,8,0,beer
La Roja,7.2,0,beer
La Rossa,7.2,0,beer
La Trappe Dubbel,6.5,0,beer
La Trappe Enkel / La Trappe Blond,6.5,0,beer
La Trappe Quadrupel 2000/2001,10,0,beer
La Trappe Tripel,8,0,beer
Labatt 50,5,0,beer
Labatt Bleue Dry,6.1,0,beer
Labatt Blue,4.7,0,beer
Labatt Blue,5,12,beer
Labatt Blue Light,4,0,beer
Labatt Crystal,5,0,beer
Labatt Extra Dry,5.5,0,beer
Labatt Ice,5.6,0,beer
Labatt Sterling,4,0,beer
Labatt Wildcat,4.9,0,beer
Lager,4,0,beer
Lager,4.5,0,beer
Lager Beer,4.8,0,beer
Lager Beer,5,0,beer
Lager Beer,5,0,beer
Lagerbier,5.5,0,beer
Lake Placid Frostbite Ale,6.8,0,beer
Lancaster Hefe Weizen,6,0,beer
Lancaster Milk Stout,5.3,0,beer
Lancaster Oktoberfest,6.5,0,beer
Lancaster Strawberry Wheat,4.7,0,beer
Lancaster Winter Warmer,8.9,0,beer
Landshark Lager,4.7,0,beer
Lap Dance Pale Ale,5.55,0,beer
Late Harvest Fest Lager,6.2,0,beer
Laughing Dragon,6.25,0,beer
Lava Rock Porter,7,0,beer
Lawnmower,4,0,beer
Lazzaroni Amaretto,24,0,mixedDrink
Le Freak Belgian Style IPA,9,0,beer
LeBleu,5,0,beer
Leffe Blonde,6.6,0,beer
Left Hand Milk Stout,5.9,0,beer
Legacy Lager,5,12,beer
Legbiter Ale,4.7,0,beer
Leinenkugel's Berry Weiss,4.7,0,beer
Leinenkugel's Honey Weiss,4.9,0,beer
Leinenkugel's Red,5,12,beer
Leinenkugel's Summer Shandy,4.2,0,beer
Leinenkugel's Sunset Wheat,4.9,0,beer
Leroux Anisette,30,0,mixedDrink
Leroux Creme de Cocoa,27,0,mixedDrink
LeRoy's Brown Ale,5.3,0,beer
Les Sans Culottes,7,0,beer
Leute Bok Bier,7.5,0,beer
Leviathan 2004,10,0,beer
Levitation Ale,4.4,0,beer
Levity Amber Ale,5.1,0,beer
Lewiston,95,0,mixedDrink
Lewmeister Oktoberfest,5.4,0,beer
Lia Fail Stone of Destiny Ale,4.7,0,beer
Liberation Ale,6,0,beer
Liberty,6,12,beer
Liberty Ale,6,0,beer
Licor 43,31,0,mixedDrink
Licor de Cafe,27,0,mixedDrink
Liefmans Kriekbier,6,0,beer
Lift Bridge Pale Ale,5.5,0,beer
Light Ale,4,0,beer
Light Lager,3.5,0,beer
Light Weight,4.33,0,beer
Lighthouse Ale,4.3,0,beer
Lighthouse Ale,4.4,0,beer
Limoncello,32,0,mixedDrink
Lindener Spezial,5.1,0,beer
Lion Stout,8,0,beer
Lionshead,4.5,0,beer
Liquid Sunshine Blonde Ale,5,0,beer
Lite Ultra,4,12,beer
Little Creatures Pilsner,4.6,0,beer
Little Scrapper IPA,6,0,beer
Loakal Red,6.9,0,beer
Local 1,9,0,beer
Local 2,8.7,0,beer
Locke Mountain Light,3.7,0,beer
Loki,4.8,0,beer
London Porter,6.5,0,beer
London Porter,5.4,0,beer
London Pride,4.7,0,beer
Lone Star,4.65,0,beer
Lone Star,4,12,beer
Lone Star Light,3.85,0,beer
Long Island Iced Tea,36,0,mixedDrink
Long Island Iced Tea,27.1,7,mixedDrink
Long Island Potato Stout,3.9,0,beer
Long Trail Ale,4.6,0,beer
Long Trail Hefeweizen,5,0,beer
Long's Peak Raspberry Wheat,4.2,0,beer
Longboard Lager,5.5,0,beer
Loose Cannon Hop3 Ale,7.25,0,beer
Lord Calvert Canadian Whiskey,40,0,mixedDrink
Lord Chesterfield Ale,5.4,0,beer
Lost and Found Abbey Ale,7.5,0,beer
Lost Sailor,7,0,beer
Loterbol,8,0,beer
Lowenbrau,4,12,beer
Lowenbrau Dark,4,12,beer
Lowenbrau Light,4,12,beer
Loyal Duke Scotch Ale,8.6,0,beer
Lozen Boer Abt,10,0,beer
LTD 02 Lager,6.4,0,beer
Lucifer,8.5,0,beer
Lucifer,8,0,beer
Lucky 13 Anniversary Release,8.3,0,beer
Lucky 13 Mondo Large Red Ale,8.3,0,beer
Lucky Kat,5.8,0,beer
Lucky Lager,5,12,beer
Lucky U Denver Special Bitter,4.46,0,beer
Lucky U ESB,5.1,0,beer
Ludwig's Revenge,5,0,beer
Luksusa,5.2,0,beer
Lump of Coal Dark Holiday Stout,8,0,beer
Luna Weizen,4.5,0,beer
Lunar Ale,5.1,0,beer
Lust,11.5,0,beer
Luxus Pils,4.9,0,beer
Mackeson XXX Stout,4.9,0,beer
Mad Brewer Maibock,7,0,beer
Mad Dog 20/20,19,0,mixedDrink
Mad Hatter IPA,5.8,0,beer
Madrugada Obscura,8.1,0,beer
Maduro,6.4,0,beer
Maduro Oatmeal Brown Ale,5.5,0,beer
Magnum 40,5,12,beer
Magnum Malt,5,12,beer
Mai Tai,17.7,4.5,mixedDrink
MAI-BOCK,7.5,0,beer
Maibock,7.2,0,beer
Maillot Jaune,5.5,0,beer
Maisel's Weisse Kristall,5.1,0,beer
Makers Mark,45,0,mixedDrink
Malheur 10,10,0,beer
Malheur 12,12,0,beer
Malheur Black Chocolate 2003,12,0,beer
Malheur Brut Reserve,11,0,beer
Malheur MM,10,0,beer
Malibu,24,0,mixedDrink
Malibu Rum,24,0,mixedDrink
Malteser Weissbier,5,0,beer
Mama's Little Yella Pils,5.3,0,beer
Mamma Mia! Pizza Beer,4.6,0,beer
Mammoth Extra Stout,6,0,beer
Manayunk Lager,6.4,0,beer
Manchester Star Ale,7.3,0,beer
Manhattan,35,3,mixedDrink
Manheim Red,5.25,0,beer
Manifesto Pale Ale,5.3,0,beer
Maple City Gold,7.2,0,beer
Maracaibo Especial,7.5,0,beer
Maraschino,40,0,mixedDrink
Marble India Pale Ale,6.2,0,beer
Maredsous 10 Tripple,10,0,beer
Margarita,25,3,mixedDrink
Marina Light Lager,4.7,0,beer
Mars - Belgian Imperial Red IPA,8.7,0,beer
Marshal Zhukov's Imperial Stout,11,0,beer
Martin's Pale Ale,5.8,0,beer
Martini,37.3,3,mixedDrink
Martini & Rossi,16,0,mixedDrink
Marzen,5.7,0,beer
Marzoni's Amber Lager,6.1,0,beer
Masala Mama IPA,5.9,0,beer
Massatucky Brown,5.25,0,beer
Master Brew Bitter,4,0,beer
Mastica,47,0,mixedDrink
Matilda,7,0,beer
Maudite,8,0,beer
Maui Coconut Porter,5.7,0,beer
Mavericks Amber Ale,4.8,0,beer
Maximus,7.5,0,beer
Maximus Ale,8.4,0,beer
Mayhem Belgian-style Double IPA,8.2,0,beer
McChouffe,8.5,0,beer
McEwan's Scottish Ale,8,12,beer
McGilligans IPA,6.25,0,beer
Mean Manalishi Double I.P.A.,8.2,0,beer
Meantime Coffee,6,0,beer
Meister Pilsener,5.1,0,beer
Meisterbrau,4,12,beer
Melon Liqueur,23,0,mixedDrink
Meltdown Double IPA,8,0,beer
Melting Pot Pale Ale,5.5,0,beer
Menage Frog,9,0,beer
Mephistopheles Stout,16.03,0,beer
Mercury - Belgian Style Small Beer,6.5,0,beer
Meridian Street Premium Lager,4.8,0,beer
Merry Monks,9.3,0,beer
Mestreechs Aajt,3.5,0,beer
Metaxa,40,0,mixedDrink
Michelob,4,12,beer
Michelob Amber Bock,5.2,0,beer
Michelob Dark,4,12,beer
Michelob Dry,5,12,beer
Michelob Dunkel Weisse,5.5,12,beer
Michelob Hop Hound Amber Wheat,5.3,12,beer
michelob light,4,12,beer
Michelob Winter's Bourbon Cask Ale,6,12,beer
Mickey's,5,12,beer
Mickey's Ice,5.8,0,beer
Mickeys Ice,5,12,beer
Midas Touch Golden Elixir,9,0,beer
Middle Ages Apricot Ale,4.5,0,beer
Middle Ages Raspberry Ale,4.6,0,beer
Midnight Sun Kolsch,5,0,beer
Midori,23,0,mixedDrink
Midwest IPA,7.2,0,beer
Mikes Lemonade,5,12,beer
Millennium Brew,10,0,beer
Millennium Lager,5,0,beer
Millennium Trippel,9,0,beer
Miller,4,12,beer
Miller Chill,4.1,12,beer
Miller Genuine Draft,4.66,12,beer
Miller Genuine Draft 64,2.8,0,beer
Miller High Life,5,12,beer
Miller Lite,4.2,12,beer
Miller Reserve,4,12,beer
Milwaukee's Best,4,12,beer
Milwaukee's Best Light,4.5,0,beer
Milwaukees Best,4.5,0,beer
Mint Julep,40,4.5,mixedDrink
Mirror Mirror,11,0,beer
Mirrorpond Pale Ale,5,0,beer
Misfit Red,5.1,0,beer
Mississippi Mud Black & Tan,5,0,beer
Mocha Joe,8.1,0,beer
Mocha Porter / New Porter,5.3,0,beer
Mocny BOSS / BOSS Beer,8.1,0,beer
Model-A-Tor Doppelbock,7.4,0,beer
Modus Hoperandi,6.8,0,beer
Mogul Ale,6.25,0,beer
Moinette Blonde,8.5,0,beer
Moinette Brune,8.5,0,beer
Mojito,11.7,6,mixedDrink
MoJo India Pale Ale,6.8,0,beer
Mojo Risin' Double IPA,10,0,beer
Mokah Imperial Blended Stout,11,0,beer
Molinari Sambuca,42,1.5,shot
Molson Canadian,5,0,beer
Molson Diamond,2,12,beer
Molson Golden,5,12,beer
Molson Ice,5,12,beer
Molson Signature Cream Ale,5,12,beer
Mongo Double IPA,8.5,0,beer
Monk Madness Ale,7.4,0,beer
Monk's Cafe,5.5,0,beer
Monkey Shoulder,40,0,mixedDrink
Monkey Wrench Dark Ale,5.3,0,beer
MonkeyBoy Ale,8.2,0,beer
Mont St. Aubert,8,0,beer
Montagnarde,9,0,beer
Monteith's Celtic Beer,4.4,0,beer
Monteith's Summer Ale,5,0,beer
Moonglow Weizenbock,8.7,0,beer
Moonraker,7.5,0,beer
Moose Drool Brown Ale,5.3,0,beer
Moosehead Lager,5,0,beer
Morimoto Imperial Pilsner,8.8,0,beer
Morocco Ale,5.5,0,beer
Mort Subite Gueuze Lambic,4.5,0,beer
Mortal Sin,6.66,0,beer
Mortality Stout,7.5,0,beer
Mothership Wit,4.8,0,beer
Mountain Lager,4.5,0,beer
Moylander Double IPA,8.5,0,beer
Moylans Hopsickle Imperial Ale,9.2,0,beer
Mozart Chocolate Liqueurs,20,0,mixedDrink
Mt. Nittany Pale Ale,5,0,beer
Mt. Takhoma Blonde Ale,3.8,0,beer
Mt.Tam Pale Ale,5.8,0,beer
Mullin Brown,4.8,0,beer
Murphy's Irish Stout,4,12,beer
Muscatel,20,0,mixedDrink
Muse Farmhouse Ale,6.2,0,beer
Myers Rum,40,0,mixedDrink
Mythos Hellenic Lager,5,0,beer
N.W. Pale Ale,5,0,beer
Nagelweiss,5.1,0,beer
Natural Ice,5.9,12,beer
Natural Light,4.2,12,beer
Natural Light,4,12,beer
Natural Light Ice,5,12,beer
Naturtrubes,5.1,0,beer
Navigator Doppelbock,8.9,0,beer
Nectar IPA,6.8,0,beer
Negra,5.4,0,beer
Negra Modelo,6,0,beer
Negro Modelo,6,12,beer
Nelson,7,0,beer
Never Summer Ale,5.94,0,beer
New Amsterdam New York,3,12,beer
New Amsterdam Vodka,40,1.5,shot
New Belgium Trippel Belgian Style Ale,8.5,0,beer
Newbold IPA,6.5,0,beer
NewCastle,4,12,beer
Newcastle Brown Ale,4.7,0,beer
Newport,15,0,mixedDrink
Newport Storm Hurricane Amber Ale,5.2,0,beer
Nickelbier,6.5,0,beer
Nieuw Ligt Grand Cru 2006,12,0,beer
Night Stalker,11.5,0,beer
Night Train,18,0,mixedDrink
Night Tripper,10.8,0,beer
Nightmare,5,0,beer
Nightwatch Dark Ale,5.5,0,beer
Nine Men Ale,4.3,0,beer
Nit Wit,4.7,0,beer
No Doubt Stout,5.75,0,beer
No Face Label Creme de Cocoa,30,0,mixedDrink
No Face Label Creme de Menthe,30,0,mixedDrink
Noblesse,6,0,beer
Nocello,24,0,mixedDrink
Nocino,35,0,mixedDrink
Nocturn,9,0,beer
Noel de Calabaza,9,0,beer
Nokdechiloff,12.7,0,beer
Nor' Easter,12,0,beer
Nora,7,0,beer
North of the Border Porter,6,0,beer
North Pleasant Pale Ale,5.25,0,beer
North Star Red,5.8,0,beer
Northern Light Lager,4.4,0,beer
Northwind Imperial Stout,7.5,0,beer
Norwester HefeWeizen,5,12,beer
Nostradamus,9.5,0,beer
Not Tonight Honey Porter,6.5,0,beer
Nugget Nectar,7.5,0,beer
Nut Brown,4.3,0,beer
Nut Brown,4.9,0,beer
Nut Brown Ale,4.2,0,beer
Nut Brown Ale,5.2,0,beer
Nut Brown Ale,4.8,0,beer
Nut Brown Ale,5,0,beer
Nut Brown Ale,3.2,0,beer
Nut Brown Ale,5,0,beer
Nut Cracker Ale,5.9,0,beer
Nutty Brewnette,5.9,0,beer
O! Gold Light Beer,3.8,0,beer
O'Hara's Celtic Stout,4.3,0,beer
Oak Aged Ebenezer,9.4,0,beer
Oak Aged IPA,6,0,beer
Oak Aged Unearthly Imperial Pale Ale,11,0,beer
Oak Aged Yeti Imperial Stout,9.5,0,beer
Oak Barrel Stout,5.2,0,beer
Oak Creek Amber Ale,5.5,0,beer
Oak-Aged Belgian Tripel,9,0,beer
Oak-Aged Black Double IPA,8.5,0,beer
Oak-Aged Imperial Chocolate Pumpkin Porter,7.8,0,beer
Oaked Arrogant Bastard Ale,7.2,0,beer
Oasis,7.2,0,beer
Oat Imperial Oatmeal Stout,12.5,0,beer
Oatmeal Porter,5.8,0,beer
Oatmeal Stout,5,0,beer
Oatmeal Stout,6,0,beer
Oatmeal Stout,5.2,0,beer
Oatmeal Stout,6.5,0,beer
Oatmeal Stout,4.5,0,beer
Oatmeal Stout,6.54,0,beer
Oatmeal Stout,6.8,0,beer
Oatmeal Stout,5.5,0,beer
Oatmeal Stout,5,0,beer
OB Lager,4.4,0,beer
Oban Single Malt Scotch,43,0,mixedDrink
Oberon Ale,5.8,0,beer
Obliteration I,8.5,0,beer
Obliteration II,8.3,0,beer
Obliteration III,7.6,0,beer
Obliteration IV,8.7,0,beer
Obliteration V,8.2,0,beer
Obliteration VI,8.5,0,beer
Obovoid Empirical Stout,8,0,beer
Obsidian Stout,6.4,0,beer
Octoberfest Beer,5.5,0,beer
Odd Notion Spring 08,4.6,0,beer
Odd Notion Summer 08,3.6,0,beer
Odd Notion Winter 07,7.5,0,beer
Odd Notion Winter 08,7.5,0,beer
Odell IPA,7,0,beer
Odell Red Ale,6.5,0,beer
Oderbolz Bock,6.5,0,beer
Oerbier,7.5,0,beer
Oghi,53,0,mixedDrink
Ohio City Oatmeal Stout,4.8,0,beer
Okocim Porter,8.3,0,beer
Oktoberfest,5.1,0,beer
Oktoberfest,5.5,0,beer
Oktoberfest,5.01,0,beer
Oktoberfest Weizen,5.7,0,beer
OktoberFish,5.5,0,beer
Old '99 Barley Wine,11,0,beer
Old 95,7,0,beer
Old Abominable Barley Wine,9,0,beer
Old Bawdy 2006,10,0,beer
Old Blarney Barleywine,10,0,beer
Old Boardhead 2006,9,0,beer
Old Bridge Dark Lager,5.3,0,beer
Old Brown Dog Ale,5.9,0,beer
Old BullDog Extra Special,5.8,0,beer
Old Bushmills,40,1.5,shot
Old Cedar,7,0,beer
Old Chub,8,0,beer
Old Commonwealth St.Patrick,40,1.5,shot
Old Crow,40,1.5,shot
Old Crustacean Barleywine 2004,11.5,0,beer
Old Crustacean Barleywine 2006,11.5,0,beer
Old Detroit Amber,5,12,beer
Old Engine Oil,6,0,beer
Old Engine Oil Special Reserve (aged in malt whisky casks),8,0,beer
Old English 800 Malt Liquor,6,12,beer
Old English Ice,8,12,beer
Old Foghorn 1996,10,0,beer
Old Foghorn 1998,10,0,beer
Old Foghorn 2001,10,0,beer
Old Foghorn 2002,10,0,beer
Old Foghorn 2006,9.4,0,beer
Old Fugget,11.8,0,beer
Old Godfather,10.2,0,beer
Old Grand Dad,43,1.5,shot
Old Growler,6.5,0,beer
Old Guardian Barley Wine 2003,9.91,0,beer
Old Guardian Barley Wine 2007,11.26,0,beer
Old Heathen,8,0,beer
Old Hooky,4.6,0,beer
Old Horizontal,10.5,0,beer
Old Jubilation Ale,8,0,beer
Old Knucklehead 2000,9.1,0,beer
Old Knucklehead 2003,9.1,0,beer
Old Legover,4.1,0,beer
Old Man Ale,4.8,0,beer
Old Man Winter Ale,8,0,beer
Old Marcus Ale,6.6,0,beer
Old Mill Pond ESB,6.5,0,beer
Old Milwaukee,4.6,0,beer
Old Milwaukee,4,12,beer
Old Nick,7.2,0,beer
Old Nick Pale Ale,5.5,0,beer
Old No.38 Stout,5.5,0,beer
Old Numbskull 2003,10,0,beer
Old Peculier,5.7,0,beer
Old Princeton Landing IPA,6.1,0,beer
Old Rasputin Russian Imperial Stout,9,0,beer
Old Redwood Porter,5.5,0,beer
Old Rogue Pale Ale,5.5,0,beer
Old Ruffian,10.2,0,beer
Old Salt IPA,5.8,0,beer
Old Scratch Lager,5.5,0,beer
Old Seattle Lager,4.3,0,beer
Old Slug Porter,4.5,0,beer
Old Slugger Pale Ale,5.5,0,beer
Old Speckled Hen,5.2,0,beer
Old Stock Ale 2001,11.4,0,beer
Old Stock Ale 2002,11.4,0,beer
Old Stock Ale 2004,11.4,0,beer
Old Stock Ale 2007,11.7,0,beer
Old Tom Barley Wine,8.5,0,beer
Old Viscosity,10.5,0,beer
Old Walt Smoked Wit,5,0,beer
Old Whiskers,4.5,0,beer
Old Woody 2005,10,0,beer
Old Wylie's IPA,6.2,0,beer
Old-Style Porter,5.1,0,beer
Olde #8 Anniversary Ale,6.85,0,beer
Olde Buzzard Lager,5,0,beer
Olde English Malt Liqor,6,12,beer
Olde School Barleywine,15.04,0,beer
Olde St.Nick,9.9,0,beer
Ondineke Oilsjtersen Tripel,8.5,0,beer
One,8,0,beer
One Nut Brown Ale,5,0,beer
Onward Stout,3.8,0,beer
Onward Stout,3.8,0,beer
Oosik Amber Ale,5,0,beer
Optimator,7.2,0,beer
Orange Blossom Pilsner,6.5,0,beer
Orchard White,5.7,0,beer
Oregon Pale Ale,5,12,beer
Organic Ale,5,0,beer
Organic Amber Ale,5,0,beer
Organic Barley Wine Ale 2005,9.5,0,beer
Organic Gingerbread Ale,6.8,0,beer
Organic India Pale Ale,6.7,0,beer
Original,5.2,0,beer
Original,5.1,0,beer
Original,4.8,0,beer
Original,4.6,0,beer
Original Lager,5.1,0,beer
Original Lager,4.9,0,beer
Original White Ale,5,0,beer
Orlio Common Ale,5,0,beer
Orlio Seasonal Black Lager,4.5,0,beer
Orlio Seasonal India Pale Ale,5.4,0,beer
Oro de Calabaza,8,0,beer
Orval Trappist Ale,6.9,0,beer
OSB Premium Ale,4.5,0,beer
Otis Alt,5.3,0,beer
Ottakringer Helles,5.1,0,beer
Otter Creek Imperial India Pale Ale,11,0,beer
Otter Creek Russian Imperial Stout,10.6,0,beer
Otto's Hefeweizen,7.1,0,beer
Otto's Weizenbock,7.2,0,beer
Oude Geuze,6,0,beer
Outrigger Rum,40,0,mixedDrink
Outta Kilter Wee-Heavy Scotch Red Ale,8.2,0,beer
Ouzo,40,0,mixedDrink
OVL Stout,4,0,beer
Oyster Point Oyster Stout,5.9,0,beer
Ozzy,7.25,0,beer
P.M. Porter,6.4,0,beer
Pabst Blue Ribbon,4.74,12,beer
Pabst Blue Ribbon,4,12,beer
Pabst Blue Ribbon Light,4.19,12,beer
Pacific Coast Ale,5.6,0,beer
Padawan Pale Ale,5,0,beer
Paddle Out Stout,5.2,0,beer
Paddywhack IPA,6.5,0,beer
Pale Ale,5.5,0,beer
Pale Ale,5.5,0,beer
Pale Ale,5.8,0,beer
Pale Ale,5,0,beer
Pale Ale,5.52,0,beer
Pale Ale,5.2,0,beer
Pale Ale,5.4,0,beer
Pale Ale,5.8,0,beer
Pale Ale,4.4,0,beer
Pale Ale,5.8,0,beer
Pale Pale Boss Ale,4.8,0,beer
Palm Speciale,5.2,0,beer
Palo Santo Marron,12,0,beer
Pannepot,10,0,beer
Panty Peeler Tripel,8.5,0,beer
Pappy's Porter,5.42,0,beer
Paracelsus Zwickl,5,0,beer
Paradise Pale Ale,4.8,0,beer
Paradise Porter,4.99,0,beer
Paradox Speyside,10,0,beer
Parfait Amour,30,0,mixedDrink
Paris-Roubaix Pale Ale,5.25,0,beer
Parking Violation,5.6,0,beer
Parrot Bay Coconut Rum,24,0,mixedDrink
Partly Sunny,5,0,beer
Partridge In A Pear Tree,12,0,beer
Pastis,43,0,mixedDrink
Patchway Pale Ale,5.5,0,beer
Pater 6,6.7,0,beer
Patriot Pale Ale,5.2,0,beer
Patriots Pilsner,4.8,0,beer
Patxaran,30,0,mixedDrink
Paulaner Oktoberfest,6,0,beer
Pauwel Kwak,8,0,beer
Pawn Shop Porter,5.7,0,beer
Pays du Soleil,8,0,beer
Peacemaker Porter,5.5,0,beer
Peach Liqueur,23,0,mixedDrink
Peach Schnapps,20,0,mixedDrink
Pecher Mignon,18,0,mixedDrink
Peg Leg Stout,8,0,beer
Pelican Pale,5,0,beer
Penalty Shot Porter,5.8,0,beer
Pendle Witches Brew,5.1,0,beer
Peninsula Porter,5,0,beer
Penn Dark,4,0,beer
Penn Gold,4,0,beer
Penn Marzen,4.5,0,beer
Penn Oktoberfest,4.5,0,beer
Penn Pilsner,4,0,beer
Penn Weizen,4,0,beer
PENNdemonium,8,0,beer
Pennypacker Porter,5.4,0,beer
Peppermint Schnapps,30,0,mixedDrink
Peregrine Pilsner,4.8,0,beer
Perfect Stout,4.8,0,beer
Permafrost,40,1.5,shot
Peroni,5.1,0,beer
Peroni Nastro Azzurro,5.1,0,beer
Perseus Porter,5.4,0,beer
Pete's Wicked Ale,5,12,beer
Pete's Wicked Ale Pub Lager,5,12,beer
Pete's Wicked Wanderlust Cream Ale,5.6,0,beer
Petes Honey Wheat,4,12,beer
Petes Octoberfest,5,12,beer
Petes Signature Pilsner,4,12,beer
Petes Strawberry Blonde,5,12,beer
Petes Wicked Ale Summer Brew,4,12,beer
Petes Winter Brew,5,12,beer
Petite Orval,3.5,0,beer
Petrus Aged Pale,7.3,0,beer
Petrus Blond Ale,6.6,0,beer
Petrus Dubbel Bruin Ale,6.5,0,beer
Petrus Gouden Tripel Ale,7.5,0,beer
Petrus Oud Bruin,5.5,0,beer
Petrus Speciale,5.5,0,beer
Phin & Matt's Extroidinary Ale,5.6,0,beer
Phoenix,5,0,beer
Phoenix Pale Ale,5.5,0,beer
Phoenixx Double ESB,7.2,0,beer
Phuket Lager,5,0,beer
Pick Axe IPA,6.5,0,beer
Pickled Santa,6,0,beer
Piels Draft,4.6,0,beer
Piels Light,3.79,0,beer
Pig Pen Pilsener,4.7,0,beer
Piketown Pils,5.1,0,beer
Pilgrim's Dole,10,0,beer
Pillar Point Pale Ale,4.6,0,beer
Pilot Rock Porter,6,0,beer
Pils,5,0,beer
Pils,5,0,beer
Pils,4.9,0,beer
Pils,4.9,0,beer
Pils,4.7,0,beer
Pils,4.7,0,beer
Pils Legende,4.9,0,beer
Pilsener,4.8,0,beer
Pilsener,4.8,0,beer
Pilsener,5,0,beer
Pilsener,4.9,0,beer
Pilsener,4.9,0,beer
Pilsener Bier,5,0,beer
Pilsener Lager,5.6,0,beer
Pilsner,5.3,0,beer
Pilsner,4.9,0,beer
Pilsner,4.7,0,beer
Pilsner,4.8,0,beer
Pilsner,4.99,0,beer
Pilsner,4.85,0,beer
Pilsner,4.5,0,beer
Pilsner Urquell,4.4,0,beer
Pilsner Urquell,4,12,beer
PILZILLA,6.75,0,beer
Pina Colada,10,6.7,mixedDrink
Pine Belt Pale Ale,6.3,0,beer
Pineau des Charentes,15,0,mixedDrink
Pinnacle Peak Pale Ale,4.2,0,beer
Pioneer Peak Porter,4.3,0,beer
Pious Monk Dunkel,5.2,0,beer
Pipe Organ Pale Ale,4.9,0,beer
Piranha Pale Ale,5.7,0,beer
Pirate's Porter,5.3,0,beer
Pisang Ambon,21,0,mixedDrink
Piston Bitter,5,0,beer
Pitchfork Rebellious Bitter,4.3,0,beer
Piva Bohemia,4.7,0,beer
Plaid Bastard,8,0,beer
Planet Bean Coffee Stout,7,0,beer
Planet Porter / Boulder Porter,5.5,0,beer
Plead the 5th Imperial Stout,12,0,beer
Pleasanton Pale,5.3,0,beer
Pliny the Elder,8,0,beer
Pliny the Younger,11,0,beer
Pluto - Belgian-style Golden Strong Ale,8.7,0,beer
Podge Belgian Imperial Stout,10.5,0,beer
Point Defiance IPA,5.6,0,beer
Pomegranate Wheat,4.7,0,beer
Pompier,12.1,0,beer
Ponche Caribe,11,0,mixedDrink
Ponche Crema,15,0,mixedDrink
Ponche Diva,10,0,mixedDrink
Ponche Kuba,9,0,mixedDrink
Poor Richard's Tavern Spruce Ale,5,0,beer
Poperings Hommel Ale,7.5,0,beer
Popov,40,1.5,shot
Port,20,0,mixedDrink
Port Panzer Imperial Pilsner,9.5,0,beer
Portage Bay Pilsener,5.5,0,beer
Porter,8,0,beer
Porter,7.1,0,beer
Porter,5.8,0,beer
Porter,5.9,0,beer
Porter,5.8,0,beer
Porter,6,0,beer
Porter,9.5,0,beer
Porter,7.8,0,beer
Porter,5.6,0,beer
Porter,6.8,0,beer
Porter,5.6,0,beer
Porter,5.6,0,beer
Porter Boom,8,0,beer
Porter Czarny Boss / Black BOSS Porter,9.6,0,beer
Porter IV,7.2,0,beer
Porteris,7,0,beer
Ports Pale Ale,4.3,0,beer
Portsmouth Lager,5.1,0,beer
Possession Porter,5.6,0,beer
Potrero ESB,5.2,0,beer
Pozharnik,8.1,0,beer
PranQster Belgian Ale,7.6,0,beer
Premium,4.5,0,beer
Premium,5.1,0,beer
Premium Beer,4.8,0,beer
Premium Lager,5,0,beer
Premium Lager,5.3,0,beer
Premium Light Lager,4.5,0,beer
Premium Pils,4.8,0,beer
Premium Pils Edelherb,4.9,0,beer
Premium Pilsener,4.9,0,beer
Premium XB Bluebird Bitter,4.4,0,beer
Pride,6.5,0,beer
Pride of Milford Special Ale,7.7,0,beer
Pride of Romsey IPA,5,0,beer
Prima Pils,5.3,0,beer
Princess of Darkness Porter,4.6,0,beer
Princess of Darkness Porter,5.4,0,beer
Prior 8,8,0,beer
Prize Old Ale,9,0,beer
Proletary,5,0,beer
Proper Job,5.5,0,beer
Prophecy,9.3,0,beer
Prunelle,15,0,mixedDrink
Puffers Smoked Porter,4.6,0,beer
Puget Brown Porter,5.6,0,beer
Pugsley's Signature Series Barley Wine Style Ale,8.5,0,beer
Pugsley's Signature Series Imperial Porter,7.1,0,beer
Pugsley's Signature Series XXXX IPA,9.25,0,beer
Pumking Imperial Pumpkin Ale,9,0,beer
Pumpkin Ale,5.2,0,beer
Pumpkinhead Ale,4.5,0,beer
Punk IPA,6,0,beer
Punkin Ale,7,0,beer
Pure Hoppiness,8,0,beer
Purist Pale Ale,4.9,0,beer
Purple Nightie,6.2,0,beer
Pyramid Amber Weizen,5.5,0,beer
Pyramid Apricot Weizen,5.1,0,beer
Pyramid Broken Rake,6.1,0,beer
Pyramid Hefe Weizen,5.2,0,beer
Pyramid Thunderhead IPA,6.7,0,beer
Quad,11.8,0,beer
Quadrupel,10,0,beer
Quail Springs IPA,6,0,beer
Quelque Chose,8,0,beer
Racer 5 IPA,7,0,beer
Racer X,7.8,0,beer
Rader Blonde,6.5,0,beer
Raftman,5.5,0,beer
Raging Bitch Belgian IPA,8.3,0,beer
Rahr's Bucking Bock,8,0,beer
Rahr's Oktoberfest,5.5,0,beer
Rahr's Red,4.5,0,beer
Rahr's Summertime Wheat,5.5,0,beer
Rahr's Winter Warmer,9,0,beer
Railyard Ale,5.2,0,beer
Railyard Ale,5.8,0,beer
Raison D'Etre,8,0,beer
Raison D'Extra,20,0,beer
Raki,45,0,mixedDrink
Ramrod Special Bitter Ale,5,0,beer
Ramstein Winter Wheat,9.5,0,beer
Ranger India Pale Ale,6.5,0,beer
Rare Rooster Summer Rye Ale,4.8,0,beer
Rare Vos,6.5,0,beer
Raspberry Brown Ale,4.9,0,beer
Raspberry Imperial Stout,8,0,beer
Raspberry Weizen,5,12,beer
Raspberry Wheat,4.5,0,beer
Raspberry Wheat,4.8,0,beer
Ratskeller,4.9,0,beer
Rauchbier Lager,4.6,0,beer
Rauchbock,7,0,beer
Razz-Wheat,5,0,beer
Rebel Yell,43,1.5,shot
Red & White,10,0,beer
Red Ale,5.5,0,beer
Red Barn Ale,6.7,0,beer
Red Biddy / Real Biddy,4.9,0,beer
Red Brick Double Chocolate Oatmeal Porter,7.7,0,beer
Red Card Lager,6.65,0,beer
Red Chair IPA,6.4,0,beer
Red Coat Ale,5.7,0,beer
Red Curacao,31,0,mixedDrink
Red Dog,5,0,beer
Red Hook ESB,5,12,beer
Red Hook IPA,6,12,beer
Red Jack,5,0,beer
Red Lager,4.6,0,beer
Red Lager,4.9,0,beer
Red MacGregor,5,0,beer
Red Mo Ale,5,0,beer
Red Nectar,5,0,beer
Red Nectar,5,12,beer
Red Racer India Pale Ale,6.5,0,beer
Red Rocket Ale,6.8,0,beer
Red Seal Ale,5.5,0,beer
Red Sky at Night,7.25,0,beer
Red Wine - medium,11.5,5,wine
Red Wolf,5,12,beer
Redback Original Malt Wheat Beer,4.7,0,beer
RedLegg Ale,4.9,0,beer
Redwing,4.73,0,beer
Refreshing Summer Ale,3.9,0,beer
Regatta Golden,4.2,0,beer
Regiment Pale Ale,6.1,0,beer
Reinaert Flemish Wild Ale,9,0,beer
Renegade IPA,5.8,0,beer
Restoration Pale Ale,5,0,beer
Resurrection,7,0,beer
Revitalization Rye,6.5,0,beer
Richbrau Abbey-Style Ale,7,0,beer
Richbrau Barleywine,12.3,0,beer
Richbrau India Pale Ale,6.2,0,beer
Richbrau Oatmeal Stout,5.2,0,beer
Ridge Runner Barley Wine,7.5,0,beer
Ridgeline Amber,5.4,0,beer
Riggwelter Yorkshire Ale,5.7,0,beer
Righteous Ale,7.2,0,beer
Righteous Red,4.6,0,beer
Ring Tail Pale Ale,4.2,0,beer
Rio Blanco Pale Ale,5.3,0,beer
Riot Ale,7.5,0,beer
Rip Tide,8,0,beer
Ripon Jewel Ale,5.8,0,beer
Rising Moon Spring Ale,5.4,0,beer
Riunite,8,12,beer
River Horse Lager,5,0,beer
River Horse Special Ale,4.5,0,beer
Road Dog Ale,6,0,beer
Road Trip Hard Cider,6.4,0,beer
Robert the Bruce Scottish Ale,7,0,beer
Robertus,6,0,beer
Robust Porter,5.4,0,beer
Rochefort 10,11.3,0,beer
Rochefort 6,7.5,0,beer
Rochefort 8,9.2,0,beer
Rock and rye,27,0,mixedDrink
Rock Art American Red Ale,4.8,0,beer
Rocket's Red Ale,6,0,beer
Rockslide IPA,6.7,0,beer
Rocktoberfest,5,0,beer
Rocky's Revenge,6,0,beer
Rodenbach,5.1,0,beer
Roggen Bock,5.5,0,beer
Roggenbier,5.5,0,beer
Rogue Smoke,6,0,beer
Roland's ESB,5,0,beer
Rolling Rock,4.6,0,beer
Romakloster,4.5,0,beer
Rondy Brew 2009,4.5,0,beer
Ronrico (Gold),40,1.5,shot
Ronrico (Purple),75,0,mixedDrink
Rose,7.5,0,beer
Rose,10.5,5,wine
Rost,5,0,beer
Rotgold-Pils,4.9,0,beer
Roundabout Oatmeal Stout,6,0,beer
Route 113 IPA,7.2,0,beer
Rowhouse Red,5,0,beer
Roxy Rolles,5.8,0,beer
Royal Challenge,5,0,beer
Royal Weisse,5.7,0,beer
Rubaeus,7,0,beer
Ruben & The Jets,8.6,0,beer
Rubia,6,0,beer
Rude Elf's Reserve,10.5,0,beer
Rugged Trail Ale,4.4,0,beer
Ruination IPA,7.7,0,beer
Rum,45,1.5,shot
Rum (Bar Stock),40,0,mixedDrink
Rum (Cuban),40,0,mixedDrink
Rum (Jamaican),40,0,mixedDrink
Rum & Coke,13.3,12,mixedDrink
Rum Tree,24,0,mixedDrink
RUMBAH Double Rum Bock,10,0,beer
Rumple Minze,50,0,mixedDrink
RumpleMinze,50,0,mixedDrink
Russian Imperial Stout,9.5,0,beer
Russian River IPA,6.5,0,beer
Rust Belt Porter,4.1,0,beer
Ruth,4.5,0,beer
Rycerskie,7,0,beer
Rye On,4.8,0,beer
Rye Squared,9.5,0,beer
Sabra liqueur,27,0,mixedDrink
Sacramento Bock,6.5,0,beer
Sacramento Nut Brown Ale,5.4,0,beer
Sagebrush Stout,6.1,0,beer
Saint Arnold Amber Ale,5.5,0,beer
Saint Arnold Brown Ale,5.3,0,beer
Saint Arnold Spring Bock,6.4,0,beer
Saint Arnold Texas Weat,3.9,0,beer
Saint Brendan's,17,0,mixedDrink
Saison,5.7,0,beer
Saison,5.3,0,beer
Saison 1900,5.2,0,beer
Saison De Brooklyn,6.8,0,beer
Saison De Lente,6.5,0,beer
Saison Imperiale,8.5,0,beer
Saison Rue,8.5,0,beer
Saison Vielle Provision,6.5,0,beer
Saison Voisin,5,0,beer
Sake,18,12,beer
Salmiakkikossu,40,0,mixedDrink
Salmon Bay E.S.B.,5.5,0,beer
Salvation,9,0,beer
Salvation,6,0,beer
Salvator,7.9,0,beer
Sam Adams,4,12,beer
Sam Adams Boston Ale,4,12,beer
Sam Adams Cherry Wheat,5,12,beer
Sam Adams Cream Stout,4,12,beer
Sam Adams Double Bock,8,12,beer
Sam Adams Golder Pilsner,4,12,beer
Sam Adams Honey Porter,5,12,beer
Sam Adams IPA,5,12,beer
Sam Adams Millennium,19,12,beer
Sam Adams Oktoberfest,5,12,beer
Sam Adams Pale Ale,5,12,beer
Sam Adams Spring Ale,5,12,beer
Sam Adams Summer Ale,5,12,beer
Sam Adams Triple Bock,17,12,beer
Sam Adams Winter Lager,6,12,beer
Samael's Oak-aged Ale,14.5,0,beer
Sambuca,40,0,mixedDrink
Samichlaus Bier,11,12,beer
Samichlaus Bier 2003,14,0,beer
Samichlaus Bier 2005,14,0,beer
Samichlaus Bier 2006,14,0,beer
Samson Crystal Lager Beer,5,0,beer
Samson Stout,5,0,beer
Samuel Adams Black Lager,4.9,12,beer
Samuel Adams Blackberry Witbier,5.5,12,beer
Samuel Adams Boston Ale,4.94,12,beer
Samuel Adams Boston Lager,4.75,12,beer
Samuel Adams Brown Ale,5.35,12,beer
Samuel Adams Chocolate Bock,5.5,12,beer
Samuel Adams Coastal Wheat,5.3,12,beer
Samuel Adams Cranberry Lambic,5.9,12,beer
Samuel Adams Double Bock,8.8,12,beer
Samuel Adams Hallertau Imperial Pilsner,8.8,12,beer
Samuel Adams Holiday Porter,5.8,12,beer
Samuel Adams Imperial Stout,9.2,12,beer
Samuel Adams Imperial White,10.3,12,beer
Samuel Adams Noble Pils,5.2,12,beer
Samuel Adams OctoberFest,5.7,12,beer
Samuel Adams Old Fezziwig Ale,5.9,12,beer
Samuel Adams Pale Ale,5.25,12,beer
Samuel Adams Scotch Ale,5.4,12,beer
Samuel Adams Summer Ale,5.2,12,beer
Samuel Adams Triplebock 1994,17,12,beer
Samuel Adams Utopias MMIV,24,12,beer
Samuel Adams Winter Lager,5.8,12,beer
Samurai,5.1,0,beer
San Miguel 1516,4.2,0,beer
Sandy Beach Blonde Hefeweizen,4.5,0,beer
Santa Fe Nut Brown,5.2,0,beer
Santa Fe Stout,5,0,beer
Santa Fe Wheat,5.25,0,beer
Santa's Little Helper Witbier,5.7,0,beer
Santas Private Reserve,6,0,beer
Sante Fe Pale Ale,5.5,0,beer
Sara Buckwheat Ale,6,0,beer
Saranac Adirondack Lager,5.5,0,beer
Saranac Belgian Ale,5.9,0,beer
Saranac Belgian White,5.3,0,beer
Saranac Black & Tan,5.1,0,beer
Saranac Black Diamond Bock,6,0,beer
Saranac Black Forest,5.3,0,beer
Saranac Bock,6,0,beer
Saranac Brown Ale,6,0,beer
Saranac Caramel Porter,5.4,0,beer
Saranac Chocolate Amber,5.5,0,beer
Saranac Extra Special Bitter,5.5,0,beer
Saranac Golden Pilsner,5.1,0,beer
Saranac Hefeweizen,5.6,0,beer
Saranac Imperial IPA,8.5,0,beer
Saranac Imperial Stout,9,0,beer
Saranac India Pale Ale,5.8,0,beer
Saranac Kolsch,5,0,beer
Saranac Lager,4.8,0,beer
Saranac Marzenbier,5.6,0,beer
Saranac Mocha Stout,5,0,beer
Saranac Mountain Ale,5,0,beer
Saranac Nut Brown Ale,5.4,0,beer
Saranac Oatmeal Stout,4.3,0,beer
Saranac Octoberfest,5.4,0,beer
Saranac Pale Ale,5.5,0,beer
Saranac Pumpkin Ale,5.4,0,beer
Saranac Rachbier,5.6,0,beer
Saranac Scotch Ale,6,0,beer
Saranac Season's Best,5.3,0,beer
Saranac Single Malt,5.5,0,beer
Saranac Summer Ale,4.7,0,beer
Saranac Winter Wassail,5.8,0,beer
Satan Gold,8,0,beer
Satan Red,8,0,beer
Satin Solstice Imperial Stout,7.5,0,beer
Satsuma Harvest Wit,5.1,0,beer
Saturn - Belgian-style Fresh Hop IPA,8,0,beer
Sauza Tequila Extra,40,1.5,shot
Savannah Fest,4.9,0,beer
Saxo,8,0,beer
Scaldis / Bush Amber 12%,12,0,beer
Scaldis Prestige,13,0,beer
Scape Goat Pale Ale,4.7,0,beer
Scarlet Lady Ale,5,0,beer
Scharer's Lager,5,0,beer
Schlafly Oktoberfest,5.1,0,beer
Schlappeseppl Export,5.5,0,beer
Schlenkerla Helles Lagerbier,4.3,0,beer
Schlitz Bull Ice,8,12,beer
Schlitz Ice,6,12,beer
Schlitz Malt Liquor,5,12,beer
Schmitz Pale Ale No. 5,4.5,0,beer
Schnapps,20,0,mixedDrink
Schnapps - Fruit,15,0,mixedDrink
Schneider Weisse,5.4,0,beer
Schuylkill Punch,6,0,beer
Schwarz Bier,4.8,0,beer
Schwarzbier,4.3,0,beer
Schwarzbier,5.3,0,beer
Schwarzbier,4.8,0,beer
Schwarzbier / Dunkel,4.9,0,beer
Schwarze Weisse,5.2,0,beer
Scotch,8,0,beer
Scotch,60,1.5,shot
Scotch Ale,6,0,beer
Scotch Ale,7,0,beer
Scotch brand Ale,7.2,0,beer
Scottish Ale,4.8,0,beer
Scottish Ale,5.8,0,beer
Scottish Ale,3.9,0,beer
Scratch #10 2008,10.2,0,beer
Scratch #11 2008,4.9,0,beer
Scratch #12 2008,6.5,0,beer
Scratch #13 2008,4.9,0,beer
Scratch #14 2008,6.7,0,beer
Scratch #15 2008,6,0,beer
Scratch #16 2008,6.3,0,beer
Scratch #17 2009,5.6,0,beer
Scratch #18 2009,7.3,0,beer
Scratch #19 2009 Imperial Double Expresso Oatmeal Stout,9.5,0,beer
Scratch #20 2009 Apollo Imperial Ale,7,0,beer
Scratch #22 2009,5.5,0,beer
Scratch #23 2009 Kellar Fest,5.1,0,beer
Scratch #24 2009 Van de Hoorn,7.8,0,beer
Scratch #25 2009 Magical Moustache Rye,6.5,0,beer
Scratch #27 2010 Cocaoabunga,6.7,0,beer
Scratch #6 2007,5.1,0,beer
Scratch #7 2008,7.9,0,beer
Scratch #8 2008,10.1,0,beer
Screwdriver,40,0,mixedDrink
Scrimshaw Pilsner Style Beer,4.4,0,beer
Sculpin India Pale Ale,7,0,beer
Sea Dog Apricot Wheat,3.5,0,beer
Sea Dog Blue Paw Wheat,3.5,0,beer
Sea Dog Raspberry Wheat Ale,4.5,0,beer
Seagrams Seven,40,0,mixedDrink
Seagrams Seven Fuzzy Navel,6,12,beer
Seamus Irish Red,5.6,0,beer
Sebewaing Beer,5,0,beer
Secession Black India Pale Ale (CDA),6.5,0,beer
Second Street IPA,6,0,beer
Seigneuriale,7.5,0,beer
Serafijn Christmas Angel,8,0,beer
Seriously Bad Elf,9,0,beer
Serpents Stout,10.5,0,beer
Session Premium Lager,5.1,0,beer
Seven Gates Pale Ale,5.6,0,beer
Sex on the beach,11.4,7.5,mixedDrink
Sexual Chocolate,10,0,beer
Shakespeare Stout,6,0,beer
Shantytown Doppelbock,6.5,0,beer
Shark Attack Double Red Ale,9,0,beer
Shelter Pale Ale,5,0,beer
Shepard's Crook Scotish Ale,5.1,0,beer
Sheridan's,16,0,mixedDrink
Sherry,20,0,mixedDrink
Sherwood Forest IPA,6,0,beer
Shiner Blonde,4.4,0,beer
Shiner Bock,4.4,0,beer
Shiner Bohemian Black Lager,4.9,0,beer
Shiner Hefeweizen,5.4,0,beer
Shiner Honey Wheat,5,12,beer
Shining Star Pale Ale,5,0,beer
Shiraz,13,0,mixedDrink
Shiraza,14,0,mixedDrink
Shiva IPA,5.3,0,beer
Shoals Pale Ale,4.7,0,beer
Shock Top,5.2,0,beer
Shoo-Fly Porter,6,0,beer
Shouboushi Ginger Pilsner,5.1,0,beer
Shut The Hell Up,3.3,0,beer
Sick Duck Imperial Stout,10,0,beer
Sierra Nevada,5,12,beer
Sierra Nevada Imperial Stout,10.5,0,beer
Sierra Nevada Pale Ale,5.6,0,beer
Sierra Nevada Pale Ale,5,12,beer
Sierra Nevada Porter,5,12,beer
Sierra Nevada Stout,5,12,beer
Silk Lady,4.4,0,beer
Silk Porter,6.2,0,beer
Silver,5.1,0,beer
Simcoe Single Hop IPA,6.9,0,beer
Single Chair Ale,5,0,beer
Single-Wide I.P.A.,5.7,0,beer
Singletrack Copper Ale,5.57,0,beer
Singletrack Copper Ale,4.97,0,beer
Sirius,7,0,beer
Sisyphus Barleywine,11.1,0,beer
Six Rivers IPA,7.2,0,beer
Skagit Brown Ale,4.8,0,beer
Skibbereen Stout,5.3,0,beer
Skinny Dip,4.2,0,beer
Skopsko,5,0,beer
Skullsplitter Ale,8.5,0,beer
Sky Pilot Scotch Ale,6.5,0,beer
Skyline Stout,4.3,0,beer
Slaapmutske Triple Nightcap,8.1,0,beer
Slab Cabin IPA,5,0,beer
Slam Dunkelweizen,8,0,beer
Slip Knot Imperial IPA 2006,7.8,0,beer
Sloe gin,26,0,mixedDrink
Sloth,10.2,0,beer
Sly Fox Christmas Ale,6.5,0,beer
Sly Rye Porter,5.7,0,beer
Sly Rye Porter,5.7,0,beer
Small Beer,3.3,0,beer
Small Craft Warning,7.25,0,beer
Smashing Berry Ale,4.3,0,beer
Smirnoff,40,1.5,shot
Smirnoff Ice,5,12,beer
Smithwick's,4.5,0,beer
Smoked Porter,5.9,0,beer
Smoked Porter,6,0,beer
Smooth Hoperator,7,0,beer
Smuttynose Finestkind IPA,5.6,0,beer
Smuttynose Pumpkin Ale,5.1,0,beer
Smuttynose Winter Ale,4.8,0,beer
Snake Dog IPA,7.1,0,beer
Snake Oil,7,0,beer
Snake Pit Porter,5.6,0,beer
Sneck Lifter,5.1,0,beer
Snow Bound Winter Ale,8.6,0,beer
Snow Cap,7,0,beer
Snow Cap,6.9,0,beer
Sockeye Red IPA,5.7,0,beer
Sophie's Sparkling Ale,4.3,0,beer
Soproni,5,0,beer
South County American Ale,6.33,0,beer
South Hampton IPA,6.2,0,beer
South Park Blonde,5,0,beer
Southern Comfort,35,0,mixedDrink
Southern Hemisphere Harvest Fresh Hop  Ale,6.7,0,beer
Southern Pecan,4.25,0,beer
Southern Tier Harvest Ale,5.7,0,beer
Southern Tier IPA,6.5,0,beer
Southern Tier Porter,5.2,0,beer
Southern Tier Tripel,9,0,beer
Southpaw Light,5,12,beer
Special Amber,5,0,beer
Special Double Cream Stout,6.1,0,beer
Special Extra Export Stout,9,0,beer
Special London Ale,6.4,0,beer
Specialty Beer: Black Double IPA,8.5,0,beer
Speedway Stout,12,0,beer
Speight's Gold Medal Ale,4,0,beer
Spezial,5.1,0,beer
Spezial,5.2,0,beer
Spezial,5.5,0,beer
Spezial,5.6,0,beer
Spitfire Best Bitter,4,0,beer
Spitfire Premium Kentish Strong Ale,4.5,0,beer
Spotted Cow,4.8,0,beer
Sprecher Abbey Triple,8.41,0,beer
Sprecher Doppelbock,7.85,0,beer
Sprecher Irish Stout,5.73,0,beer
Sprecher Maibock,6,0,beer
Sprecher Oktoberfest,5.75,0,beer
Sprecher Pub Ale,4.5,0,beer
Sprecher Russian Imperial Stout,8.5,0,beer
Spring Bock,6.5,0,beer
Spring Creek Lager,5.2,0,beer
Spring Fling,6,0,beer
Spring Heat Spiced Wheat,5.2,0,beer
Spruce Creek Lager,4.8,0,beer
Squall IPA,9,0,beer
St Ides,8,0,beer
St Patrick's Ale,6,0,beer
St Pauli Girl,4,12,beer
St Peter's Organic Ale,4.5,0,beer
St-Ambroise Apricot Wheat Ale,5,0,beer
St-Ambroise Oatmeal Stout,5,0,beer
St-Ambroise Pale Ale,5,0,beer
St. Andrews Ale,4.6,0,beer
St. Bernardus Tripel,8,0,beer
St. Bernardus Witbier,5.5,0,beer
St. Boisterous Hellerbock,7.3,0,beer
St. Bridget's Porter,5.9,0,beer
St. Charles ESB,4.5,0,beer
St. Edmund English Ale,5.5,0,beer
St. Louis Gueuze,4.5,0,beer
St. Martin Doppelbock,7.5,0,beer
St. Nikolaus Bock Bier,6,0,beer
St. Patrick's Best,4.2,0,beer
St. Patrick's Gold,4.8,0,beer
St. Sebastiaan Golden,7.7,0,beer
St. Victorious,7.6,0,beer
St.Terese's Pale Ale,5.2,0,beer
Staggering Elk,4.5,0,beer
Starbucks Coffee Liqueur,20,0,mixedDrink
Starbucks Cream Liqueur,15,0,mixedDrink
Starfire Pale Ale,6.2,0,beer
Staropramen,5,0,beer
State Pen Porter,6.4,0,beer
State Street Oatmeal Stout,6.1,0,beer
Steamer Glide Stout,4.8,0,beer
Steamroller Stout,6,0,beer
Steamwhistle Lager,5,0,beer
Steel Toe Stout,5.4,0,beer
Steele Reseve,8,12,beer
Steelgaarden Wit,5.2,0,beer
Steinworthy Oktoberfest,6,0,beer
Stella Artois,5.2,0,beer
Sterling,4,12,beer
Sticke,6,0,beer
Stiegl Leicht,3.3,0,beer
Stille Nacht,12,0,beer
Stinger Wild Honey Wheat,6,0,beer
Stite Golden Pilsner,4.7,0,beer
Stockyard Oatmeal Stout,6,0,beer
Stolichnaya 100,50,1.5,shot
Stolichnaya Vodka,40,1.5,shot
Stone 11th Anniversery Ale,8.7,0,beer
Stone Cali-Belgique,6.9,0,beer
Stone IPA,6.9,0,beer
Stone Mason Stout,6.1,0,beer
Stone Pale Ale,5.4,0,beer
Stone Teepee Pale Ale,5.75,0,beer
Stony Face Red Ale,5.6,0,beer
Storm Cellar Porter,5.7,0,beer
Storm King Imperial Stout,9.1,0,beer
Storm Super Premium Malt Liquor,10,0,beer
Stormcould IPA,6,0,beer
Stoudt's American Pale Ale,5,0,beer
Stoudt's Double India Pale Ale,10,0,beer
Stoudt's Gold Lager,4.7,0,beer
Stoudt's Pils,4.7,0,beer
Stout,5,0,beer
Stout,5.8,0,beer
Strange Ghost,8,0,beer
Straub,4.33,0,beer
Straub Light,3.16,0,beer
Strega,40,0,mixedDrink
Strike Out Stout,4.6,0,beer
Stroh's,4,12,beer
Stroh's Light,4,12,beer
Strom Bomb Stout,7.3,0,beer
Strong Arm Ale,9,0,beer
Strong Scotch Ale,8.6,0,beer
Strongbow Cider,5.3,0,beer
Sublimely Self-Righteous Ale,8.7,0,beer
Sully's Irish Stout,4.2,0,beer
Summer Blonde,4,0,beer
Summer Gold,5,0,beer
Summer Lightning,5,0,beer
Summer Solstice Cerveza Crema,5.6,0,beer
Summer Teeth,5.3,0,beer
Summerfest,5,0,beer
Sun Country,4,12,beer
Sun Country Light,2,12,beer
Sun Dog Amber Wheat,5.3,0,beer
SunRay Wheat Beer,4.7,0,beer
Sunrise Weissbier,5.7,0,beer
Sunset Amber Ale,5,0,beer
Sunset Amber Lager,5,0,beer
Sunset Red Ale,5,0,beer
Sunshine Pils,5.3,0,beer
Sunshine Wheat,4.8,0,beer
Super,8,0,beer
Super Natural Oatmeal Stout,8,0,beer
Superhop Ale,5.6,0,beer
Superior Stout,5.2,0,beer
Superstition Pale Ale,5,0,beer
Supplication,7,0,beer
Survival Stout,5.3,0,beer
Susquehanna Oatmeal Stout,6.2,0,beer
Susquehanna Stout,4.6,0,beer
Sutter Home Merlot,13,1.5,shot
Swallow Wit,4.8,0,beer
Swamp Fox IPA,7,0,beer
Sweaty Betty Blonde,5.9,0,beer
Sweet Action,5.2,0,beer
Sweet Spot Hefe,5.5,0,beer
Syracuse Pale Ale,5,0,beer
Tacoma Brew,5.1,0,beer
Tactical Nuclear Penguin,32,0,beer
Taddy Porter,5,0,beer
Taieri George,6.8,0,beer
Tailgate Amber Wave,6.2,0,beer
Tailgate Brown Ale,5.9,0,beer
Tailgate Hefeweizen,5,0,beer
Tailgate IPA,6.5,0,beer
Tailgate Light,4.7,0,beer
Tailgate Sweet Stout,6.6,0,beer
Tall Tale Pale Ale,4.9,0,beer
Talon,10.5,0,beer
Tannen Bomb,8,0,beer
Tanners Jack,4.4,0,beer
Tanqueray Sterling,40,1.5,shot
Tanquery,47,1.5,shot
Tap Room No. 21 Amber Ale,5.7,0,beer
Tatonka Stout,8.5,0,beer
Tecate,6,12,beer
Ten Fidy,10,0,beer
Ten Thousand Brew Ale,10,0,beer
Tenth Anniversery Ale,10,0,beer
Tequila,40,1.5,shot
Tequila (Bar Stock),40,1.5,shot
Tequila Rose,17,1.5,shot
Tequila Sunrise,7.4,4.5,mixedDrink
Tequiza,4,1.5,shot
Tequiza Extra,5,1.5,shot
Terminator Stout,6.45,0,beer
Terrapin All-American Imperial Pilsner,7.5,0,beer
Terrapin Coffee Oatmeal Imperial Stout,8.6,0,beer
Terrapin Golden Ale,5,0,beer
Terrapin Midnight Project Depth Charge Espresso Milk Stout,8,0,beer
Terrapin Monk's Revenge,9.8,0,beer
Terrapin Rye Pale Ale,5.5,0,beer
Terrible,10.5,0,beer
Texas Tea,40,0,mixedDrink
Thames Welsh Ale,6,0,beer
The Abyss,11,0,beer
The Angel's Share - Bourbon Barrel Aged,12.5,0,beer
The Beast Grand Cru,14.9,0,beer
The Bitter End Pale Ale,5.1,0,beer
The Captains Porter,6,0,beer
The Duke of Winship,6.5,0,beer
The Hairy Eyeball,8.8,0,beer
The Immortal IPA,6.3,0,beer
The Iron Tankard,9.4,0,beer
The Livery Dunkel Weizen,5.25,0,beer
The Livery Hefe Weizen,5,0,beer
The Livery Kilt Tilter,9,0,beer
The Mad Elf,11,0,beer
The Maharaja,10.5,0,beer
The Physics,5,0,beer
The Public,6,0,beer
The Raj India Pale Ale,6.9,0,beer
The Reverend,10,0,beer
The Unforgiven Amber Ale,5.8,0,beer
The Vermonster,10,0,beer
The Viking Belgian-style Dark Strong Ale,12,0,beer
The Wise ESB,5.9,0,beer
Theobroma,9,0,beer
Third Coast Beer,4.8,0,beer
Third Coast Old Ale,10.2,0,beer
Thomas Hooker Irish Red Ale,5.3,0,beer
Thomas Jefferson's Tavern Ale,8,0,beer
Thompson Pale Ale,5.5,0,beer
Thoms Special Ale,6.25,0,beer
Three Guy Off The Scale Barley Wine,15,0,beer
Three Philosophers,9.8,0,beer
Three Steve Stout,5.3,0,beer
Throwback Lager,5.4,0,beer
Thumbsucker,7.8,0,beer
Thunder Head IPA,6.7,0,beer
Thunder Hole Ale,4.8,0,beer
Thunder Storm,5,0,beer
Thunder Stout,4.95,0,beer
Thunderhead Amber Ale,6,0,beer
Thunderhead IPA,5.8,0,beer
Tia Lusso (with cream),27,0,mixedDrink
Tia Maria,27,0,mixedDrink
Tikka Gold,5,0,beer
Tilburg's Dutch Brown Ale,5,0,beer
Tin Lizzie Hefeweizen,5.5,0,beer
Titan IPA,6.8,0,beer
Toasted Lager,5.3,0,beer
Toaster Imperial Stout,10,0,beer
Toil & Trubbel Dubbel,8.1,0,beer
Tokyo,12,0,beer
Tokyo,18.2,0,beer
Toleration,4.4,0,beer
Tongerlo Christmas,6.5,0,beer
Tongerlo Dubbel  Blond,6,0,beer
Tongerlo Dubbel Bruin,6,0,beer
Tongerlo Tripple,8,0,beer
Torpedo Extra IPA,7.2,0,beer
Torrey Pines IPA,6.8,0,beer
Total Eclipse Black Ale,5.6,0,beer
Totally Naked,4.2,0,beer
Tournay Black,7.6,0,beer
Tracktown IPA,7,0,beer
Trade Winds Tripel,8,0,beer
Traditional Ale,5,0,beer
Traditional Brackett,7,0,beer
Traditional IPA,5.9,0,beer
Trafalgar IPA,6,0,beer
Trail Blaze Organic Brown Ale,5.3,0,beer
Trail Ridge Red,4.5,0,beer
Trappist Blond,8,0,beer
Trappist Extra,9.5,0,beer
Trappist Westvleteren 12,11.2,0,beer
Trappist Westvleteren 8,8,0,beer
Trappist Westvleteren Blonde,5.8,0,beer
Trashy Blonde,4.1,0,beer
Tres Blueberry Stout,4.5,0,beer
Tribute Premium Cornish Ale,4.2,0,beer
Trickster Belgian-style Pumpkin Ale,7,0,beer
Trifecta Belgian Style Tripel,8.1,0,beer
Tripel,8,0,beer
Tripel,10,0,beer
Tripel Ale,9.6,0,beer
Tripel Crown,10,0,beer
Tripel Horse,10,0,beer
Tripel Krullekop,9.8,0,beer
Tripel Reserve,9,0,beer
Triple,9,0,beer
Triple,8.5,0,beer
Triple,8.4,0,beer
Triple Dipsea Belgian,9.2,0,beer
Triple Exultation Old Ale,9.7,0,beer
Triple Karmeliet,8,0,beer
Triple Moine,7.2,0,beer
Triple sec,30,0,mixedDrink
Triumphator,7.6,0,beer
Troegenator Double Bock,8.2,0,beer
Troegs Pale Ale,5.4,0,beer
Trois Pistoles,9,0,beer
Trompe La Mort,7.4,0,beer
Tropical Mango,4.5,0,beer
Troubadour,6.5,0,beer
Troublette,5.5,0,beer
Trout Slayer,4.7,0,beer
Truly Honest Ale,6,0,beer
Tsipouro,40,0,mixedDrink
Tullamore Dew,40,0,mixedDrink
Tumbleweed IPA,5.7,0,beer
Twelve,10.2,0,beer
Twelve Days,5.5,0,beer
Twilight Ale,5,0,beer
Twisted Thistle India Pale Ale,6.1,0,beer
Two Front Teeth Holiday Ale,9.4,0,beer
Two Guns Pilsner,5,0,beer
Two Hearted Ale,7,0,beer
Two Sisters Imperial Stout,6.7,0,beer
Tyskie Gronie,5.7,0,beer
Uberhoppy Imperial IPA,10.5,0,beer
Uff-Da Bock,6.75,0,beer
UFO Raspberry Hefeweizen,4.8,0,beer
Ugly American,7.8,0,beer
Ugly Pug,4.5,0,beer
Ultrablonde,8,0,beer
Ultrabrune,10,0,beer
Undercover Investigation Shut-Down Ale,9.28,0,beer
Unearthly Imperial India Pale Ale,11,0,beer
Unfiltered Double Simcoe IPA,9,0,beer
Unfiltered Wheat Beer,4.4,0,beer
Ungespundet Lager Hefetrub,5.2,0,beer
Unicorn Amber Ale,4,0,beer
Union Jack India Pale Ale,7.5,0,beer
Untouchable Pale Ale,5.5,0,beer
Upland Wheat Ale,4.5,0,beer
Ur-Bock Hell,6.5,0,beer
Ur-Pils,5.1,0,beer
Ur-Weizen,5,0,beer
Uranus - 100% Brettanomyces Golden Ale,7.2,0,beer
Urban Wilderness English Pale,5.1,0,beer
Urthel Hibernius Quentum Ale,9,0,beer
Urthel Hop-It,9.5,0,beer
Urthel Novicius Vertus,5.9,0,beer
Urthel Samaranth Quadrium Ale,11.5,0,beer
Urthel Tonicum Finiboldhus,7.5,0,beer
Urthel Vlaemse Bock,7.5,0,beer
Ushers,41,0,mixedDrink
V O Canadian Whiskey,40,0,mixedDrink
V-12,12,0,beer
V-Saison,7.5,0,beer
Valley Berry Wheat,4,0,beer
Valley Brew Pale Wheat,4,0,beer
Valley Brewing Apricot Ale,4,0,beer
Valley Brewing London Tavern Ale,4.4,0,beer
Van den Vern Grand Cru,9.8,0,beer
Vandermint,26,0,mixedDrink
Vanilla Java Porter,6,0,beer
Velvet ESB,5.2,0,beer
Venom,5.6,0,beer
Venus - Belgian-style Quadrupel,16,0,beer
Vera Cruz Triple Sec,15,1.5,shot
Verchuosity,12,0,beer
Vermeer Dutch Chocolate Cream Liqueur,17,0,mixedDrink
Vermouth,18,1.5,shot
Very Bad Elf Special Reserve Ale,7.5,0,beer
Very Special Pale Golden Ale,5.9,0,beer
Vetter 33,37,0,beer
Vichtenaar,5.1,0,beer
Victoria Bitter,4,0,mixedDrink
Victorian IPA,6.2,0,beer
Victory Ale,5.2,0,beer
Victory Lager,4.8,0,beer
Vienna Red Lager,5,0,beer
Vigneronne,5,0,beer
Village Nut Brown Ale,6,0,beer
Vintage Ale 1999,8.5,0,beer
Vintage Ale 2008,8.5,0,beer
Virgin Bourbon,53,0,mixedDrink
Viszolay Belgian,7.5,0,beer
Vivant Tripel,9.25,0,beer
Vlas Kop,5.5,0,beer
Vodka,40,1.5,shot
Vodka (Bar Stock),40,1.5,shot
Vodka (Diluted),21,1.5,shot
Vodka (Flavored),35,1.5,shot
Vodka & Orange,18,7,mixedDrink
Volks Weizenbock,7.2,0,beer
Voodoo Love Child,10.5,0,beer
Voodoo Vator,9.5,0,beer
Vrak,5.4,0,beer
Wacko,4.5,0,beer
Wahoo Wheat Beer,4,0,beer
Wailing Wench,8,0,beer
Wallace Liqueur,35,0,mixedDrink
Walt Wit,5,0,beer
Wapiti Amber Ale,5,0,beer
Warka Strong,7,0,beer
Warm Welcome Nut Browned Ale,6,0,beer
Warminster Special Bitter,3.8,0,beer
Warrior IPA,6.6,0,beer
Warsteiner Premium Dunkel,4.8,0,beer
Warsteiner Premium Oktoberfest,5.9,0,beer
Warsteiner Premium Verum,4.8,0,beer
Wasatch 1st Amendment Lager,4,0,beer
Water Gap Wheat,4.5,0,beer
Watermelon Pucker,15,0,mixedDrink
Watermelon Wheat,5.5,0,beer
Watershed IPA,7.1,0,beer
Watershed IPA,7.1,0,beer
Watou Tripel,7.5,0,beer
Wayan,5.6,0,beer
Weathertop Doppelbock,7.3,0,beer
Wee Beast,7,0,beer
Wee Heavier,9.5,0,beer
Wee Heavy,9.5,0,beer
Wee Heavy,6.5,0,beer
Weissbier,4.3,0,beer
Weissbier,4.8,0,beer
Weissbier,5,0,beer
Weissbier Hell,5.2,0,beer
Weisse,4.9,0,beer
Weisse Hefe-Weizen,5.4,0,beer
Weizen,5,0,beer
Weizen Bock,10,0,beer
Weizengold Hefefein,5.1,0,beer
Weizentrumpf,5.5,0,beer
Weizla Hell,5,0,beer
Weldspatter IPA,7,0,beer
Wells Banana Bread Beer,5.2,0,beer
Wells Bombardier English Bitter,5.2,0,beer
West Bank Pub Ale,4.6,0,beer
Westmalle Trappist Dubbel,7,0,beer
Westmalle Trappist Tripel,9.5,0,beer
Wet Hop Requiem IPA,5.2,0,beer
Wexford Irish Cream Ale,5,0,beer
Weyerbacher Fireside Ale,7.5,0,beer
Weyerbacher India,7.2,0,beer
Weyerbacher Juliet,8.5,0,beer
Wheat Wine,11.5,0,beer
Wheatland Wheat,5,0,beer
Wheatley Hills Weizenbock,7.5,0,beer
Whirlwind Wit,5,0,beer
Whiskey Bar Stock,40,0,mixedDrink
Whisky,43,1.5,shot
Whistling Pig Hefeweizen,4.5,0,beer
White Ale,4.8,0,beer
White Christmas,6.5,0,beer
White Horse Hefeweizen,4.7,0,beer
White Magick of the Sun,6.75,0,beer
White Russian,12,4.2,mixedDrink
White Wine - dry,11,5,wine
White Wine - medium,10.7,5,wine
White Wine - sparkling,12,5,wine
White Wine - sweet,12.4,5,wine
Whitetail Golden Ale,5,0,beer
Whose Ear - Red Ale,4,0,beer
Whoville Weizenbock,6.6,0,beer
Widdershins Barleywine,9.1,0,beer
Widmer Hefeweizen,4.9,0,beer
Widmer W'08,4.9,0,beer
Wiesen Edel Weisse,6.2,0,beer
Wild Banshee Barleywine,9.8,0,beer
Wild Blue Blueberry Lager,8,0,beer
Wild Brunette,7.5,0,beer
Wild Country Raspberry Wheat,4.2,0,beer
Wild Devil Ale,6.7,0,beer
Wild Frog Wheat,6,0,beer
Wild Goose Pumpkin Patch,6,0,beer
Wild Irish Rose,18,0,mixedDrink
Wild Raspberry Ale,5.6,0,beer
Wild Salmon Pale Ale,4,0,beer
Wild Turkey,40,0,mixedDrink
Wild Wacky Wit,4.8,0,beer
Willy's Oompa-Loompa,6,0,beer
Wilsteraner Altbier,5.6,0,beer
Wine,8,5,wine
Wine,10,5,wine
Wine,12,5,wine
Wine,15,5,wine
Wine (Champagne),12,5,wine
Wine (Fortified),20,5,wine
Wine (Plum),14,5,wine
Wine (Table),12,5,wine
Wine Cooler,4,5,wine
Winter,10.5,0,beer
Winter Ale,5.9,0,beer
Winter Ale,6.3,0,beer
Winter Ale,5.6,0,beer
Winter Ale,6.4,0,beer
Winter Brew,5.75,0,beer
Winter Storm,7.5,0,beer
Winter Warmer,5.2,0,beer
Winter Wheat,6.3,0,beer
Winter White Ale,5,0,beer
Winter-Traum,5.4,0,beer
Winterfestival,5.5,0,beer
WinterFish Ale,7.5,0,beer
Winterkoninkse,8.3,0,beer
Wipeout IPA,7,0,beer
Witbier,5,0,beer
Witchtree ESB,5.6,0,beer
Witkap-Pater Tripel,7.5,0,beer
Witte,5,0,beer
Wittekerke,5,0,beer
Wixa Weiss,4.8,0,beer
Wizard's Winter Ale,6.8,0,beer
Woodchuck Amber Draft Cider,5,0,beer
Woodchuck Dark and Dry Draft Cider,5,0,beer
Woodchuck Granny Smith Varietal Draft Cider,5,0,beer
Woody Creek White,4.8,0,beer
Woody Organic IPA,6.2,0,beer
Woody's Light,3.6,0,beer
Workingman's Wheat,4.9,0,beer
World Wide Stout,18,0,beer
Wrath,8.2,0,beer
Wynona's Big Brown Ale,7.3,0,beer
X Extra Pale Ale,5,0,beer
Xingu,4.7,0,beer
XS Imperial Stout,10,0,beer
Xtabent“n,40,0,mixedDrink
XTra,4.5,0,beer
XX Bitter,6,0,beer
XXX English Ale,6.6,0,beer
Yakima Glory,8.7,0,beer
Yakima Twilight,8.9,0,beer
Yards Brawler,4.3,0,beer
Yards Extra Special Ale,6,0,beer
Yards India Pale Ale,7,0,beer
Yards Love Stout,4.5,0,beer
Yards Philadelphia Pale Ale,4.6,0,beer
Yards Saison,4.7,0,beer
Yellow Chartreuse,40,0,mixedDrink
Yellow Curacao,31,0,mixedDrink
Yellowjacket Pale Ale,4.5,0,beer
Yellowtail Pale Ale,4.6,0,beer
Yeti,8,0,beer
Yeti Imperial Stout,9.5,0,beer
Yeti Special Export,7,0,beer
Yorkshire Brown,5,0,beer
Yorkshire Stout,4.5,0,beer
Yorkshire Terrier Premium Cask Bitter,4.2,0,beer
Young's Winter Warmer,5.2,0,beer
Yuengling Black and Tan,4.7,12,beer
Yuengling Lager,4.4,12,beer
Yuengling Lager Light,3.4,12,beer
Yuengling Porter,4.7,12,beer
Yuengling Premium,4,12,beer
Yuengling Premium Beer,4.4,12,beer
Yuengling Premium Light,3.5,12,beer
Yukon Jack,50,0,mixedDrink
Yule Tide,10,0,beer
Z-U-Later Doppelbock,8,0,beer
Zatte Amsterdamse Tripel,8,0,beer
Zelta,5,0,beer
Zephyrus Pilsner,4.7,0,beer
Zima,3,12,beer
Zima Clear,5,0,beer
Zinnebir Xmas,6.6,0,beer
Zoetzuur Flemish Ale,7,0,beer
Zoigl Star Lager,5.9,0,beer
Zone 7 Porter,3.8,0,beer
Zwaanend-ale,8,0,beer
Zwergla,6,0,beer